block_index,is_anomaly,anomaly_type,miner_id,num_tx,time_since_last_block,avg_energy,std_dev_energy,total_energy,avg_amount,std_dev_amount,total_amount,num_offers,num_requests,num_deliveries,num_payments,num_theft_attempts,num_alerts,unique_senders,unique_recipients
1,1,Theft,0,1,10.003281354904175,0.0,0.0,0.0,19.11311480012276,0.0,19.11311480012276,0,0,0,0,1,0,1,1
2,1,Theft,0,1,9.138369083404541,0.0,0.0,0.0,13.533644317752968,0.0,13.533644317752968,0,0,0,0,1,0,1,1
3,1,Theft,0,1,11.040345907211304,0.0,0.0,0.0,14.150702994133594,0.0,14.150702994133594,0,0,0,0,1,0,1,1
4,1,Tampering,0,2,14.028433561325073,0.14858595494183868,0.14858595494183868,0.29717190988367737,0.04681432234764732,0.0,0.09362864469529464,0,0,1,1,0,0,2,2
5,1,DoS,0,82,6.00966477394104,0.03815839648334698,0.2595413687221077,3.1289885116344522,0.012331933621295347,0.05866612690507764,1.0112185569462184,0,0,41,41,0,0,4,4
6,0,Normal,0,24,2.780393600463867,0.1057827125050745,0.4844041652817432,2.538785100121788,0.03498857648666467,0.11055896386979723,0.839725835679952,0,0,12,12,0,0,3,3
7,0,Normal,0,4,3.1099603176116943,0.8134186521472763,0.9324506246086297,3.253674608589105,0.25813490511408166,0.10229520705913811,1.0325396204563266,0,0,2,2,0,0,3,3
8,0,Normal,0,4,4.011914491653442,0.5228708641871546,0.6348089985851182,2.0914834567486182,0.1667586764718993,0.08118247194051754,0.6670347058875972,0,0,2,2,0,0,3,3
9,1,Theft,0,1,1.0084526538848877,0.0,0.0,0.0,11.038034763113444,0.0,11.038034763113444,0,0,0,0,1,0,1,1
10,0,Normal,0,12,3.0092837810516357,0.4693393208910391,0.9236663278230345,5.632071850692469,0.15836537566869022,0.1899791536841749,1.9003845080242825,0,0,6,6,0,0,5,7
11,0,Normal,0,12,2.067392587661743,0.44172332303576534,0.5974771152519164,5.300679876429184,0.14861833037210298,0.09901071525410321,1.7834199644652358,0,0,6,6,0,0,5,7
12,0,Normal,0,8,2.000831127166748,0.48455366967060876,0.7045944746879732,3.87642935736487,0.1546394608832636,0.11676872390195897,1.2371156870661089,0,0,4,4,0,0,3,4
13,0,Normal,0,14,2.0471270084381104,0.5349099307649645,0.7108781574007408,7.488739030709503,0.1753680092990872,0.10754376551154257,2.4551521301872206,0,0,7,7,0,0,6,7
14,1,Tampering,0,12,2.107550859451294,0.43816347554252894,0.7219732279695719,5.257961706510347,0.14285289833437115,0.1304844002750987,1.7142347800124538,0,0,6,6,0,0,5,7
15,0,Normal,0,18,2.0661187171936035,0.42703698537638884,0.6604624705582904,7.686665736774999,0.1478288131039402,0.12305833199314357,2.6609186358709236,0,0,9,9,0,0,7,10
16,0,Normal,0,16,2.004748582839966,0.4936201338338755,0.6310957622065347,7.897922141342008,0.16658763646310815,0.09268936498275704,2.6654021834097303,0,0,8,8,0,0,5,7
17,0,Normal,0,20,2.0214266777038574,0.5061851431287053,0.6803526594215394,10.123702862574106,0.1542693893243017,0.09678526823387537,3.085387786486034,0,0,10,10,0,0,8,11
18,0,Normal,0,12,2.240520477294922,0.45275985840746596,0.630484636913977,5.433118300889592,0.1479951307760915,0.10222868363084633,1.775941569313098,0,0,6,6,0,0,6,6
19,1,DoS,0,26,2.1086339950561523,0.4704903927864469,0.5719050664643808,12.23275021244762,0.14700553786218984,0.07362175671758245,3.822143984416936,0,0,13,13,0,0,9,14
20,0,Normal,0,108,1.421377420425415,0.03227544283038798,0.14925453777915054,3.4857478256819023,0.011182546837556455,0.035737132681137956,1.2077150584560972,0,0,54,54,0,0,4,6
21,0,Normal,0,20,2.1056666374206543,0.4168543365932368,0.6745557528591968,8.337086731864735,0.1369428484445139,0.12026752227471657,2.738856968890278,0,0,10,10,0,0,7,11
22,0,Normal,0,8,2.017488956451416,0.4440325907013929,0.453952640962859,3.552260725611143,0.14806811140355838,0.020829724893792007,1.184544891228467,0,0,4,4,0,0,2,4
23,0,Normal,0,20,2.045186996459961,0.46698336284793196,0.609883484182306,9.33966725695864,0.15858269665565966,0.09369019729866793,3.171653933113193,0,0,10,10,0,0,7,11
24,0,Normal,0,6,2.0417752265930176,0.2688055686056929,0.3690521289381558,1.6128334116341572,0.08551170312085933,0.05673939613228142,0.513070218725156,0,0,3,3,0,0,3,4
25,0,Normal,0,20,2.001695394515991,0.3834632722833521,0.5044944338839558,7.669265445667041,0.12454221666629231,0.0759645632991408,2.490844333325846,0,0,10,10,0,0,5,11
26,1,Theft,0,1,1.2793848514556885,0.0,0.0,0.0,19.37307675228217,0.0,19.37307675228217,0,0,0,0,1,0,1,1
27,0,Normal,0,2,1.0026359558105469,0.6567317102339958,0.6567317102339958,1.3134634204679916,0.208721497478567,0.0,0.417442994957134,0,0,1,1,0,0,2,2
28,0,Normal,0,12,2.019620418548584,0.33477634892542735,0.422633148899193,4.017316187105128,0.11004702975635343,0.06070545362354267,1.320564357076241,0,0,6,6,0,0,3,7
29,0,Normal,0,10,2.068800926208496,0.21353583282679897,0.2491618004595972,2.1353583282679898,0.06832903229506226,0.02971194308346998,0.6832903229506226,0,0,5,5,0,0,4,6
30,0,Normal,0,6,2.026763677597046,0.15855362651920565,0.17873576612422334,0.9513217591152339,0.05217242774075759,0.019399241530864735,0.3130345664445455,0,0,3,3,0,0,3,4
31,0,Normal,0,8,2.014294147491455,0.42017667272993675,0.5652778332016625,3.361413381839494,0.1360965512338821,0.08732388868624359,1.0887724098710567,0,0,4,4,0,0,3,5
32,1,DoS,0,106,4.063493013381958,0.02104985324609172,0.10219488603169449,2.2312844440857225,0.006642519190320885,0.022565800352249685,0.7041070341740139,0,0,53,53,0,0,4,5
33,0,Normal,0,4,3.4352712631225586,0.36650386408049684,0.4450835223438096,1.4660154563219874,0.12219509163727679,0.057411559170507796,0.48878036654910717,0,0,2,2,0,0,2,3
34,1,Tampering,0,2,4.036708116531372,0.18166109628692495,0.18166109628692495,0.3633221925738499,0.06182367536058747,0.0,0.12364735072117494,0,0,1,1,0,0,2,2
35,0,Normal,0,2,6.007347106933594,0.15101333703510333,0.15101333703510333,0.30202667407020667,0.048046366566757,0.0,0.096092733133514,0,0,1,1,0,0,2,2
36,0,Normal,0,2,2.0212860107421875,0.06262356540145947,0.06262356540145947,0.12524713080291894,0.020175871833227048,0.0,0.040351743666454096,0,0,1,1,0,0,2,2
37,1,Theft,0,1,33.022746562957764,0.0,0.0,0.0,18.393323058498886,0.0,18.393323058498886,0,0,0,0,1,0,1,1
38,1,Breakdown,0,1,39.00561308860779,0.0,0.0,0.0,0.0,0.0,0.0,0,0,0,0,0,1,1,1
39,1,Theft,0,1,39.02568984031677,0.0,0.0,0.0,15.336638513357174,0.0,15.336638513357174,0,0,0,0,1,0,1,1
40,1,Theft,0,1,10.004490852355957,0.0,0.0,0.0,14.317310395928613,0.0,14.317310395928613,0,0,0,0,1,0,1,1
41,1,Tampering,0,238,51.00868892669678,0.005000000000000001,0.005,1.1900000000000002,0.001636766029193871,6.505213034913027e-19,0.3895503149481413,0,0,119,119,0,0,4,4
42,0,Normal,0,4,1.9350090026855469,0.4382673561006767,0.5304947857206029,1.7530694244027067,0.1438751551284263,0.06938575448217534,0.5755006205137052,0,0,2,2,0,0,3,3
43,0,Normal,0,4,2.0194382667541504,0.5425402778148609,0.7224432802502933,2.1701611112594437,0.1774800871589326,0.1103479567820587,0.7099203486357304,0,0,2,2,0,0,3,3
44,1,Breakdown,0,9,4.034943580627441,0.38227755966470095,0.4775597602290844,3.4404980369823086,0.13081741924900545,0.07025215416712303,1.177356773241049,0,0,4,4,0,1,3,5
45,0,Normal,0,10,2.0737197399139404,0.3482835706303546,0.5730287988619022,3.482835706303546,0.11075568845183756,0.10156980399795029,1.1075568845183756,0,0,5,5,0,0,4,5
46,0,Normal,0,8,2.0770444869995117,0.5297947705124786,0.6510633417217471,4.238358164099829,0.1807609262331457,0.09207564749145854,1.4460874098651657,0,0,4,4,0,0,3,4
47,0,Normal,0,4,2.0061933994293213,0.7436840252485326,0.7909768132640499,2.9747361009941304,0.25008050556273076,0.06405898488127357,1.000322022250923,0,0,2,2,0,0,3,3
48,0,Normal,0,18,2.018127918243408,0.5098232620542263,0.7397593752614723,9.176818716976074,0.17882914303632302,0.13281633455973002,3.2189245746538147,0,0,9,9,0,0,7,10
49,0,Normal,0,8,2.1968538761138916,0.44693205100473127,0.5603512822680939,3.57545640803785,0.15215804557479717,0.08136874106329034,1.2172643645983774,0,0,4,4,0,0,4,4
50,1,Theft,0,1,1.1241557598114014,0.0,0.0,0.0,11.946069561034857,0.0,11.946069561034857,0,0,0,0,1,0,1,1
51,0,Normal,0,26,1.0354106426239014,0.39770072361295317,0.4824663596175288,10.340218813936783,0.12725907039095347,0.06175215694336904,3.30873583016479,0,0,13,13,0,0,10,11
52,0,Normal,0,22,1.3049774169921875,0.3230547984795384,0.4971337887068782,7.107205566549844,0.10204303280310846,0.08411243987182063,2.244946721668386,0,0,11,11,0,0,9,11
53,0,Normal,0,12,2.053614616394043,0.4882995332559746,0.5662560183855483,5.859594399071695,0.1556290993182036,0.06447892317472094,1.8675491918184433,0,0,6,6,0,0,5,7
54,0,Normal,0,28,2.1122472286224365,0.43462958159404846,0.5733415844021349,12.169628284633356,0.14264650880592736,0.08654085709990467,3.9941022465659657,0,0,14,14,0,0,8,12
55,0,Normal,0,12,2.094822883605957,0.6468410659774813,0.8022575419225427,7.762092791729775,0.2170547791044889,0.11075534687803384,2.6046573492538667,0,0,6,6,0,0,4,7
56,1,Theft,0,14,2.0566742420196533,0.344177726878594,0.42550191202084603,4.818488176300316,0.11689589827739323,0.061260153592097445,1.6365425758835053,0,0,7,7,0,0,5,8
57,0,Normal,0,1,0.27521824836730957,0.0,0.0,0.0,10.842820602521902,0.0,10.842820602521902,0,0,0,0,1,0,1,1
58,0,Normal,0,16,2.0291740894317627,0.48742659961574947,0.7115299804533634,7.7988255938519915,0.15906100658159655,0.12041151667741906,2.544976105305545,0,0,8,8,0,0,6,9
59,0,Normal,0,22,2.030311346054077,0.39849540445891324,0.49936576288572004,8.766898898096091,0.13047967040901945,0.06883352729994822,2.870552748998428,0,0,11,11,0,0,7,10
60,0,Normal,0,6,1.2450308799743652,0.21200574076437362,0.2793327294398592,1.2720344445862417,0.06620738014810611,0.04013374310827272,0.3972442808886366,0,0,3,3,0,0,3,4
61,0,Normal,0,22,2.014061212539673,0.31273530221957596,0.46841128719934416,6.8801766488306715,0.09876974288734273,0.07979313664585856,2.1729343435215402,0,0,11,11,0,0,6,11
62,0,Normal,0,8,2.1130971908569336,0.22996222008634734,0.36773022089562557,1.8396977606907787,0.07433791492334027,0.06593172454676308,0.5947033193867222,0,0,4,4,0,0,3,5
63,1,Theft,0,21,2.0436530113220215,0.27278470791476517,0.3716703196726381,5.728478866210068,0.7490537756095341,2.9273781370571488,15.730129287800217,0,0,10,10,1,0,6,12
64,0,Normal,0,4,2.103715658187866,0.09691252565247818,0.0986177063667782,0.38765010260991273,0.030507881333618682,0.004775089834431381,0.12203152533447473,0,0,2,2,0,0,2,3
65,0,Normal,0,8,2.0488483905792236,0.27098021447240306,0.44372316227477354,2.1678417157792245,0.08965766734896177,0.08329725538539172,0.7172613387916942,0,0,4,4,0,0,3,5
66,0,Normal,0,6,2.031538248062134,0.23680976436100717,0.2506491470926362,1.420858586166043,0.07850084107627976,0.018579583420867622,0.4710050464576786,0,0,3,3,0,0,3,4
67,0,Normal,0,4,2.0300724506378174,0.33991385701465915,0.388414822402495,1.3596554280586366,0.1076529490472423,0.04209019728449785,0.4306117961889692,0,0,2,2,0,0,3,3
68,1,Theft,0,5,2.002869129180908,0.11690708772349548,0.18540684709261637,0.5845354386174774,3.7967664440450237,7.493891518430762,18.983832220225118,0,0,2,2,1,0,3,4
69,0,Normal,0,6,2.0633738040924072,0.28993687471423263,0.31682518170296026,1.7396212482853959,0.09667260033724755,0.029957679303066982,0.5800356020234853,0,0,3,3,0,0,3,4
70,0,Normal,0,2,6.0108819007873535,0.2222768232613629,0.2222768232613629,0.4445536465227258,0.07138488296915493,0.0,0.14276976593830987,0,0,1,1,0,0,2,2
71,1,DoS,0,4,2.0587992668151855,0.07957473915166555,0.08497493806032962,0.3182989566066622,0.026234476373569078,0.006949212218004732,0.10493790549427631,0,0,2,2,0,0,3,3
72,0,Normal,0,26,4.100234508514404,0.005,0.005,0.13,0.001652595587424794,0.0,0.04296748527304464,0,0,13,13,0,0,2,2
73,1,Breakdown,0,1,8.053152561187744,0.0,0.0,0.0,0.0,0.0,0.0,0,0,0,0,0,1,1,1
74,1,Theft,0,1,12.059306383132935,0.0,0.0,0.0,14.45343323158422,0.0,14.45343323158422,0,0,0,0,1,0,1,1
75,1,Theft,0,1,22.01330304145813,0.0,0.0,0.0,13.72177845947995,0.0,13.72177845947995,0,0,0,0,1,0,1,1
76,1,Breakdown,0,1,20.004796504974365,0.0,0.0,0.0,0.0,0.0,0.0,0,0,0,0,0,1,1,1
77,1,Theft,0,1,10.072310447692871,0.0,0.0,0.0,13.271903491102929,0.0,13.271903491102929,0,0,0,0,1,0,1,1
78,1,Breakdown,0,1,67.0075192451477,0.0,0.0,0.0,0.0,0.0,0.0,0,0,0,0,0,1,1,1
79,1,Breakdown,0,1,32.05529236793518,0.0,0.0,0.0,0.0,0.0,0.0,0,0,0,0,0,1,1,1
80,0,Normal,0,462,6.031975269317627,0.005000000000000001,0.005,2.3100000000000005,0.0015713385664745784,2.168404344971009e-19,0.7259584177112552,0,0,231,231,0,0,6,5
81,0,Normal,0,4,2.318260431289673,0.43309362001536406,0.4393401197387745,1.7323744800614562,0.1414399800128841,0.017047472215335563,0.5657599200515364,0,0,2,2,0,0,3,3
82,1,Theft,0,1,1.0124061107635498,0.0,0.0,0.0,16.675101029558014,0.0,16.675101029558014,0,0,0,0,1,0,1,1
83,0,Normal,0,12,1.0095851421356201,0.38124211070166053,0.6065908289213278,4.574905328419926,0.12365472825472879,0.10858389152803734,1.4838567390567454,0,0,6,6,0,0,5,6
84,0,Normal,0,2,2.0820059776306152,0.1593392690247224,0.1593392690247224,0.3186785380494448,0.052877190667999625,0.0,0.10575438133599925,0,0,1,1,0,0,2,2
85,0,Normal,0,20,2.098402976989746,0.4177915874785077,0.5004345881472279,8.355831749570154,0.127657663949916,0.058740096139456605,2.5531532789983205,0,0,10,10,0,0,9,11
86,0,Normal,0,8,2.2157280445098877,0.5827487915381304,0.8117933023988175,4.661990332305043,0.19664937355885057,0.1346275235229028,1.5731949884708045,0,0,4,4,0,0,4,5
87,0,Normal,0,10,2.013751745223999,0.44930038354671736,0.5267913516211326,4.4930038354671735,0.15430771196501572,0.06678927135668568,1.5430771196501571,0,0,5,5,0,0,6,6
88,1,Theft,0,1,1.033109188079834,0.0,0.0,0.0,15.457413187851907,0.0,15.457413187851907,0,0,0,0,1,0,1,1
89,0,Normal,0,24,1.0040595531463623,0.4371503487524125,0.6780538209026608,10.4916083700579,0.14819114076151083,0.12471448425420208,3.55658737827626,0,0,12,12,0,0,7,9
90,0,Normal,0,32,2.012617349624634,0.3451665944622656,0.5206909657570623,11.0453310227925,0.11223898820533834,0.08997421009279682,3.591647622570827,0,0,16,16,0,0,8,13
91,0,Normal,0,10,2.0130395889282227,0.3060807632905321,0.4169836469369205,3.0608076329053207,0.10346308643030111,0.0696496692188706,1.034630864303011,0,0,5,5,0,0,5,6
92,0,Normal,0,10,2.0155489444732666,0.5739985222675124,0.7377642534878573,5.739985222675124,0.2113269593060792,0.12134687382811203,2.113269593060792,0,0,5,5,0,0,4,6
93,0,Normal,0,18,1.2406716346740723,0.3230182508492416,0.359973978187115,5.814328515286348,0.11115881902658262,0.03747303315189664,2.000858742478487,0,0,9,9,0,0,6,8
94,1,Tampering,0,10,2.0226190090179443,0.34573917537988574,0.4863882761490262,3.4573917537988574,0.12164847782773162,0.08487783277118982,1.2164847782773163,0,0,5,5,0,0,5,6
95,0,Normal,0,16,2.081977367401123,0.23646205084189376,0.3170216916154701,3.7833928134703,0.08348651036589133,0.052589808683394065,1.3357841658542613,0,0,8,8,0,0,8,9
96,0,Normal,0,14,2.434877395629883,0.29575540753270574,0.5158477755504337,4.140575705457881,0.10596550779965201,0.1067304001107289,1.4835171091951282,0,0,7,7,0,0,6,7
97,0,Normal,0,22,2.0848569869995117,0.29460209206037696,0.4945468851282136,6.481246025328293,0.10424502861937655,0.0967061963177822,2.293390629626284,0,0,11,11,0,0,8,11
98,0,Normal,0,16,2.164562225341797,0.2278837326401315,0.3400446461610893,3.646139722242104,0.08307950668258605,0.06424604726717612,1.3292721069213769,0,0,8,8,0,0,7,8
99,0,Normal,0,18,1.2019667625427246,0.2658403682328456,0.42774643987350147,4.785126628191222,0.09688077230650549,0.08522619562252239,1.7438539015170988,0,0,9,9,0,0,6,8
100,0,Normal,0,16,2.2993695735931396,0.35198586447054836,0.5455527249240584,5.631773831528774,0.13113998172814353,0.1099978049972086,2.0982397076502965,0,0,8,8,0,0,6,8
101,0,Normal,0,16,2.0460269451141357,0.27637070275105274,0.4021772780247493,4.421931244016844,0.10397605758297937,0.07802825610706828,1.66361692132767,0,0,8,8,0,0,6,8
102,0,Normal,0,20,2.0615947246551514,0.27059312908443384,0.42392894328069697,5.411862581688677,0.10256893213016868,0.08750774473073614,2.0513786426033738,0,0,10,10,0,0,8,10
103,0,Normal,0,20,2.11403489112854,0.39311800549605924,0.5534505053664953,7.862360109921185,0.14787916305804155,0.10543962877595976,2.9575832611608313,0,0,10,10,0,0,6,9
104,0,Normal,0,20,2.136234998703003,0.14743330716310424,0.20312321318418763,2.9486661432620846,0.05611889968701256,0.03727549667323774,1.1223779937402512,0,0,10,10,0,0,6,10
105,1,Tampering,0,18,2.0137548446655273,0.22148710190539905,0.33161076266076084,3.986767834297183,0.0858889383769706,0.06778055845006975,1.546000890785471,0,0,9,9,0,0,4,7
106,0,Normal,0,16,2.05889892578125,0.25362573051218096,0.3296619222161948,4.058011688194895,0.09707268914791017,0.056732054676752165,1.5531630263665628,0,0,8,8,0,0,6,8
107,0,Normal,0,4,2.0205154418945312,0.08444394448037734,0.08837337134085005,0.33777577792150937,0.02713219774326632,0.005920517875879116,0.10852879097306528,0,0,2,2,0,0,3,3
108,0,Normal,0,4,2.020188331604004,0.1918433096285145,0.22090875232567203,0.767373238514058,0.06599666253362108,0.026643631262010935,0.2639866501344843,0,0,2,2,0,0,3,3
109,1,DoS,0,2,2.100245714187622,0.1764845399527264,0.1764845399527264,0.3529690799054528,0.057790945591934394,0.0,0.11558189118386879,0,0,1,1,0,0,2,2
110,0,Normal,0,72,4.090590476989746,0.005,0.005,0.36,0.001571793858944397,4.336808689942018e-19,0.11316915784399659,0,0,36,36,0,0,2,2
111,0,Normal,0,2,3.334862470626831,0.054868701055567626,0.054868701055567626,0.10973740211113525,0.017742918287210283,0.0,0.035485836574420566,0,0,1,1,0,0,2,2
112,1,Theft,0,1,5.002298355102539,0.0,0.0,0.0,17.80203972478361,0.0,17.80203972478361,0,0,0,0,1,0,1,1
113,1,Theft,0,1,12.022433042526245,0.0,0.0,0.0,10.21561352746721,0.0,10.21561352746721,0,0,0,0,1,0,1,1
114,1,Theft,0,1,10.00613021850586,0.0,0.0,0.0,16.66494929658478,0.0,16.66494929658478,0,0,0,0,1,0,1,1
115,1,Breakdown,0,1,12.019980192184448,0.0,0.0,0.0,0.0,0.0,0.0,0,0,0,0,0,1,1,1
116,1,Theft,0,1,10.018457651138306,0.0,0.0,0.0,12.57762438338122,0.0,12.57762438338122,0,0,0,0,1,0,1,1
117,1,Theft,0,1,11.003724336624146,0.0,0.0,0.0,11.683222734977978,0.0,11.683222734977978,0,0,0,0,1,0,1,1
118,1,Breakdown,0,1,44.06318688392639,0.0,0.0,0.0,0.0,0.0,0.0,0,0,0,0,0,1,1,1
119,1,Theft,0,1,11.004000186920166,0.0,0.0,0.0,13.259231600102535,0.0,13.259231600102535,0,0,0,0,1,0,1,1
120,1,Theft,0,1,9.005683660507202,0.0,0.0,0.0,18.1786371065176,0.0,18.1786371065176,0,0,0,0,1,0,1,1
121,1,Theft,0,1,9.010042428970337,0.0,0.0,0.0,12.441409877314644,0.0,12.441409877314644,0,0,0,0,1,0,1,1
122,1,Tampering,0,444,41.00800395011902,0.005,0.005,2.22,0.0016272552411051955,4.336808689942018e-19,0.7225013270507068,0,0,222,222,0,0,6,6
123,0,Normal,0,4,4.521281957626343,0.6801939366640994,0.9712177245476161,2.7207757466563978,0.23525485881953861,0.16954413299718374,0.9410194352781545,0,0,2,2,0,0,3,3
124,1,Breakdown,0,1,3.0019280910491943,0.0,0.0,0.0,0.0,0.0,0.0,0,0,0,0,0,1,1,1
125,0,Normal,0,4,2.076671838760376,0.6646975950071994,0.9238074314020928,2.6587903800287975,0.2253499302701069,0.15379937460870705,0.9013997210804277,0,0,2,2,0,0,3,3
126,0,Normal,0,8,2.065549850463867,0.27087685771113135,0.4089458771075748,2.1670148616890508,0.093487104256509,0.07476714021215404,0.747896834052072,0,0,4,4,0,0,5,5
127,1,DoS,0,28,4.0280234813690186,0.11447082063921488,0.2662773638851866,3.2051829778980165,0.036509801188889544,0.05412996967688347,1.0222744332889073,0,0,14,14,0,0,8,9
128,0,Normal,0,98,2.0303492546081543,0.02707069820237269,0.0930534310912577,2.6529284238325235,0.008769618008655935,0.020393722128774352,0.8594225648482817,0,0,49,49,0,0,7,7
129,0,Normal,0,12,2.0419108867645264,0.4199913307152601,0.5139360302380791,5.039895968583122,0.13600841222787993,0.06777097509119077,1.632100946734559,0,0,6,6,0,0,5,7
130,0,Normal,0,14,2.0614817142486572,0.3248090824013904,0.4046988028639026,4.547327153619466,0.1103381495550851,0.05802419709799564,1.5447340937711913,0,0,7,7,0,0,7,7
131,0,Normal,0,24,2.0522024631500244,0.3555811594849858,0.5153723180089929,8.53394782763966,0.11138060549052849,0.08367177616420564,2.673134531772684,0,0,12,12,0,0,10,12
132,0,Normal,0,24,2.1999425888061523,0.31218465866413336,0.44556101033489365,7.492431807939201,0.10796913805644533,0.07740117198192467,2.591259313354688,0,0,12,12,0,0,9,11
133,0,Normal,0,18,2.1099331378936768,0.2684762284285487,0.3638814938319485,4.832572111713876,0.08752019166668247,0.0568986025157808,1.5753634500002844,0,0,9,9,0,0,7,8
134,0,Normal,0,6,2.1700515747070312,0.26648389902071407,0.2874623230246942,1.5989033941242843,0.08960205117267278,0.027401499795234558,0.5376123070360367,0,0,3,3,0,0,3,4
135,0,Normal,0,28,2.052818536758423,0.2767696549101781,0.37603470694078295,7.749550337484987,0.09083277198348119,0.05865975704305125,2.5433176155374735,0,0,14,14,0,0,10,14
136,0,Normal,0,8,1.269765853881836,0.2383555304716162,0.34908981357193053,1.9068442437729296,0.08147729865955025,0.06255189436839857,0.651818389276402,0,0,4,4,0,0,4,5
137,1,DoS,0,38,2.0023443698883057,0.12341230496350059,0.31947036591109595,4.689667588613022,0.03858984789440238,0.06476286170770024,1.4664142199872905,0,0,19,19,0,0,6,9
138,0,Normal,0,90,2.318016767501831,0.03246229212057896,0.12336701826480029,2.9216062908521065,0.01085092221471036,0.028481914094426502,0.9765829993239323,0,0,45,45,0,0,5,7
139,0,Normal,0,6,1.7970964908599854,0.1266110892632486,0.14012309284699787,0.7596665355794916,0.04272153069229084,0.014323833855676668,0.25632918415374506,0,0,3,3,0,0,4,4
140,0,Normal,0,14,2.1344733238220215,0.14675104622417862,0.19280623065163477,2.0545146471385007,0.04543501870121278,0.026927813654162556,0.6360902618169789,0,0,7,7,0,0,6,8
141,1,Theft,0,1,3.0064685344696045,0.0,0.0,0.0,10.075124271409644,0.0,10.075124271409644,0,0,0,0,1,0,1,1
142,0,Normal,0,6,1.0028676986694336,0.2417195586303309,0.2977091038143736,1.4503173517819854,0.08233103100858383,0.04374142893511627,0.49398618605150296,0,0,3,3,0,0,3,4
143,0,Normal,0,4,2.0127053260803223,0.2110307540823713,0.262710930038488,0.8441230163294852,0.07311868992650082,0.037714778939123006,0.2924747597060033,0,0,2,2,0,0,2,3
144,0,Normal,0,4,2.0398764610290527,0.09539359836923084,0.10867717146489506,0.38157439347692335,0.032912462208281014,0.013033500475327238,0.13164984883312406,0,0,2,2,0,0,2,3
145,0,Normal,0,2,2.1645917892456055,0.24668255792011462,0.24668255792011462,0.49336511584022924,0.07903505226646301,0.0,0.15807010453292603,0,0,1,1,0,0,2,2
146,1,Breakdown,0,1,13.00951886177063,0.0,0.0,0.0,0.0,0.0,0.0,0,0,0,0,0,1,1,1
147,1,Theft,0,1,44.03247857093811,0.0,0.0,0.0,19.775954540743726,0.0,19.775954540743726,0,0,0,0,1,0,1,1
148,1,Theft,0,1,9.017266750335693,0.0,0.0,0.0,19.38418217269382,0.0,19.38418217269382,0,0,0,0,1,0,1,1
149,1,Breakdown,0,1,12.023046255111694,0.0,0.0,0.0,0.0,0.0,0.0,0,0,0,0,0,1,1,1
150,1,Theft,0,1,40.01577019691467,0.0,0.0,0.0,16.546203624237883,0.0,16.546203624237883,0,0,0,0,1,0,1,1
151,1,Breakdown,0,1,21.00706124305725,0.0,0.0,0.0,0.0,0.0,0.0,0,0,0,0,0,1,1,1
152,1,Theft,0,1,38.01886200904846,0.0,0.0,0.0,11.539830699182316,0.0,11.539830699182316,0,0,0,0,1,0,1,1
153,1,Theft,0,1,8.008135795593262,0.0,0.0,0.0,17.573053415515734,0.0,17.573053415515734,0,0,0,0,1,0,1,1
154,1,Theft,0,1,10.004305839538574,0.0,0.0,0.0,15.512951329591449,0.0,15.512951329591449,0,0,0,0,1,0,1,1
155,0,Normal,0,326,3.0085418224334717,0.005,0.005,1.6300000000000001,0.0015731956284189583,2.168404344971009e-19,0.5128617748645804,0,0,163,163,0,0,5,5
156,0,Normal,0,12,6.206059217453003,0.4300492936409328,0.5238022797909232,5.160591523691194,0.1364866129762745,0.06595660519721004,1.6378393557152942,0,0,6,6,0,0,6,7
157,0,Normal,0,16,2.0822019577026367,0.28935016210338865,0.39568213072888164,4.6296025936542184,0.09995372519463935,0.06542025216697334,1.5992596031142297,0,0,8,8,0,0,7,7
158,1,Theft,0,1,1.217968463897705,0.0,0.0,0.0,18.532394155313654,0.0,18.532394155313654,0,0,0,0,1,0,1,1
159,0,Normal,0,18,2.056832790374756,0.3118770072606072,0.4363016123777884,5.613786130690929,0.10253699853713402,0.07212194664883087,1.8456659736684125,0,0,9,9,0,0,7,8
160,0,Normal,0,2,2.143308639526367,0.6181973203769839,0.6181973203769839,1.2363946407539679,0.2130453392246017,0.0,0.4260906784492034,0,0,1,1,0,0,2,2
161,0,Normal,0,18,2.0604052543640137,0.3482485242858975,0.5332184275587201,6.268473437146154,0.12007586034723275,0.09828424913241222,2.1613654862501894,0,0,9,9,0,0,7,9
162,1,DoS,0,48,4.076235294342041,0.12125270773174716,0.41065442847662675,5.820129971123864,0.040459204140164594,0.09344043359543579,1.9420417987279006,0,0,24,24,0,0,7,9
163,0,Normal,0,80,2.115333080291748,0.03634762482307848,0.14888307968440143,2.9078099858462787,0.0123948053677711,0.03507052371351907,0.991584429421688,0,0,40,40,0,0,5,5
164,0,Normal,0,8,1.6061954498291016,0.1776721648500436,0.19199453649690526,1.421377318800349,0.05926217411038609,0.01660332601621786,0.4740973928830887,0,0,4,4,0,0,4,4
165,0,Normal,0,6,2.0281622409820557,0.40963124887851327,0.7566778069616966,2.4577874932710797,0.12506711233704773,0.1365993805879077,0.7504026740222863,0,0,3,3,0,0,4,4
166,0,Normal,0,4,2.0075621604919434,0.24522088606209175,0.3348772211593289,0.980883544248367,0.08354898344486122,0.05498846426448342,0.3341959337794449,0,0,2,2,0,0,2,3
167,0,Normal,0,8,2.035276174545288,0.2001052776667778,0.27100075999977885,1.6008422213342224,0.06607220993915816,0.04186435064576266,0.5285776795132653,0,0,4,4,0,0,3,5
168,0,Normal,0,8,2.037396192550659,0.08663653203950508,0.10819956883133473,0.6930922563160407,0.02944060512820828,0.015814722098021924,0.23552484102566623,0,0,4,4,0,0,4,5
169,0,Normal,0,6,2.038224697113037,0.1326303409850483,0.16506318404545434,0.7957820459102898,0.04577138848016115,0.023978024940997933,0.2746283308809669,0,0,3,3,0,0,4,4
170,0,Normal,0,2,2.0908937454223633,0.18487891869161305,0.18487891869161305,0.3697578373832261,0.06224669422428969,0.0,0.12449338844857938,0,0,1,1,0,0,2,2
171,0,Normal,0,2,2.009227752685547,0.3217558496319597,0.3217558496319597,0.6435116992639194,0.10916880118593168,0.0,0.21833760237186337,0,0,1,1,0,0,2,2
172,0,Normal,0,6,2.0187320709228516,0.10323434117365993,0.13823453960031803,0.6194060470419596,0.0338938316910754,0.021938535556457903,0.2033629901464524,0,0,3,3,0,0,3,4
173,1,Breakdown,0,1,23.13299870491028,0.0,0.0,0.0,0.0,0.0,0.0,0,0,0,0,0,1,1,1
174,1,Theft,0,1,50.007009744644165,0.0,0.0,0.0,17.409789470194067,0.0,17.409789470194067,0,0,0,0,1,0,1,1
175,1,Breakdown,0,1,33.02758765220642,0.0,0.0,0.0,0.0,0.0,0.0,0,0,0,0,0,1,1,1
176,1,Theft,0,1,32.02043962478638,0.0,0.0,0.0,10.812674318100424,0.0,10.812674318100424,0,0,0,0,1,0,1,1
177,1,Breakdown,0,1,13.007216215133667,0.0,0.0,0.0,0.0,0.0,0.0,0,0,0,0,0,1,1,1
178,1,Breakdown,0,1,13.02980351448059,0.0,0.0,0.0,0.0,0.0,0.0,0,0,0,0,0,1,1,1
179,1,Theft,0,1,32.10663819313049,0.0,0.0,0.0,12.781065921300819,0.0,12.781065921300819,0,0,0,0,1,0,1,1
180,0,Normal,0,32,4.007972717285156,0.005,0.005,0.16,0.0016260901194008956,0.0,0.05203488382082866,0,0,16,16,0,0,2,2
181,0,Normal,0,10,6.141293525695801,0.3482574318591815,0.4558376052663523,3.482574318591815,0.1193192548687998,0.07125493569546852,1.193192548687998,0,0,5,5,0,0,6,6
182,0,Normal,0,12,1.168264627456665,0.24380099450633844,0.27476898744557177,2.9256119340760613,0.08208544047836051,0.030170039495639404,0.9850252857403261,0,0,6,6,0,0,6,5
183,0,Normal,0,10,6.034158706665039,0.2765387178061404,0.41942298429234254,2.7653871780614043,0.09093259544002702,0.07332186786303596,0.9093259544002702,0,0,5,5,0,0,5,5
184,0,Normal,0,4,2.022317886352539,0.2926036799502304,0.3430546005025479,1.1704147198009216,0.09415223798776558,0.04074574546685906,0.3766089519510623,0,0,2,2,0,0,3,3
185,1,Theft,0,1,1.0307865142822266,0.0,0.0,0.0,18.10943483839956,0.0,18.10943483839956,0,0,0,0,1,0,1,1
186,0,Normal,0,4,3.0588226318359375,0.5520188850079121,0.6679636783455294,2.2080755400316483,0.1826162307882792,0.08797775559486287,0.7304649231531168,0,0,2,2,0,0,3,3
187,0,Normal,0,8,4.005494832992554,0.20593750172679354,0.39767965794312127,1.6475000138143483,0.06810268224677754,0.08014998168843132,0.5448214579742203,0,0,4,4,0,0,4,5
188,0,Normal,0,2,2.0405657291412354,0.3387811717511722,0.3387811717511722,0.6775623435023445,0.11559481855586967,0.0,0.23118963711173934,0,0,1,1,0,0,2,2
189,1,Theft,0,1,1.0366551876068115,0.0,0.0,0.0,18.452506858720245,0.0,18.452506858720245,0,0,0,0,1,0,1,1
190,0,Normal,0,4,1.1306848526000977,0.13629217561043752,0.17723182562829307,0.5451687024417501,0.045011201674666594,0.026457094278666524,0.18004480669866638,0,0,2,2,0,0,3,3
191,0,Normal,0,6,2.166825294494629,0.3025259642733625,0.48230167568009125,1.815155785640175,0.10352764870713334,0.09152946205344618,0.6211658922428,0,0,3,3,0,0,3,4
192,0,Normal,0,2,2.0057384967803955,0.22012672022063628,0.22012672022063628,0.44025344044127257,0.07498984375017294,0.0,0.14997968750034588,0,0,1,1,0,0,2,2
193,0,Normal,0,2,2.014737367630005,0.06512309225919465,0.06512309225919465,0.1302461845183893,0.02176208459752467,0.0,0.04352416919504934,0,0,1,1,0,0,2,2
194,1,DoS,0,8,2.016188621520996,0.05856641630212289,0.14368782429693752,0.46853133041698314,0.020108557681611964,0.03185557807960193,0.1608684614528957,0,0,4,4,0,0,3,3
195,0,Normal,0,44,4.0191545486450195,0.005000000000000001,0.005000000000000001,0.22000000000000003,0.001577183001239147,2.168404344971009e-19,0.06939605205452247,0,0,22,22,0,0,2,2
196,0,Normal,0,4,4.103505611419678,0.0495349005536766,0.07669641040738333,0.1981396022147064,0.01636316080011717,0.013677332507837965,0.06545264320046867,0,0,2,2,0,0,3,3
197,1,Breakdown,0,1,3.1065878868103027,0.0,0.0,0.0,0.0,0.0,0.0,0,0,0,0,0,1,1,1
198,1,Theft,0,1,33.02736306190491,0.0,0.0,0.0,10.30225393895128,0.0,10.30225393895128,0,0,0,0,1,0,1,1
199,1,Theft,0,1,32.021230936050415,0.0,0.0,0.0,11.220930313159524,0.0,11.220930313159524,0,0,0,0,1,0,1,1
200,1,Theft,0,1,52.00795888900757,0.0,0.0,0.0,19.85855461696689,0.0,19.85855461696689,0,0,0,0,1,0,1,1
201,1,Theft,0,1,34.041529417037964,0.0,0.0,0.0,10.755708885530563,0.0,10.755708885530563,0,0,0,0,1,0,1,1
202,1,Theft,0,1,9.034385681152344,0.0,0.0,0.0,10.930655053291682,0.0,10.930655053291682,0,0,0,0,1,0,1,1
203,1,Theft,0,502,29.00573468208313,0.0058016145463819,0.01884016114130447,2.9124105022837137,0.0019905808321586814,0.004348771013385322,0.9992715777436582,0,0,251,251,0,0,7,7
204,0,Normal,0,1,1.5095667839050293,0.0,0.0,0.0,16.66808893030895,0.0,16.66808893030895,0,0,0,0,1,0,1,1
205,0,Normal,0,18,4.004438877105713,0.3039485583605321,0.7359354662218051,5.471074050489578,0.1006185970678445,0.15688843021318277,1.811134747221201,0,0,9,9,0,0,7,7
206,0,Normal,0,8,2.2798240184783936,0.38040477385072213,0.40317523481863554,3.043238190805777,0.12356668136447896,0.030680894104904443,0.9885334509158317,0,0,4,4,0,0,5,5
207,1,Theft,0,1,2.017575740814209,0.0,0.0,0.0,19.174762932188834,0.0,19.174762932188834,0,0,0,0,1,0,1,1
208,0,Normal,0,6,2.0576655864715576,0.6993298403401029,1.147019046028778,4.195979042040618,0.22897711740153015,0.2104942427644943,1.373862704409181,0,0,3,3,0,0,4,4
209,0,Normal,0,14,6.034664154052734,0.3213091598745579,0.49169003270818845,4.49832823824381,0.10590101623906187,0.08673961691551764,1.482614227346866,0,0,7,7,0,0,6,6
210,1,Theft,0,1,2.078712224960327,0.0,0.0,0.0,14.904287309666682,0.0,14.904287309666682,0,0,0,0,1,0,1,1
211,0,Normal,0,6,2.010601043701172,0.6463671031435316,1.305141777712565,3.8782026188611898,0.21260474914131877,0.2643180704361325,1.2756284948479126,0,0,3,3,0,0,3,4
212,0,Normal,0,14,3.0703067779541016,0.2598411513751929,0.30564866228247656,3.637776119252701,0.0799130900052425,0.03442760825111605,1.118783260073395,0,0,7,7,0,0,5,6
213,0,Normal,0,8,2.2120094299316406,0.21625292532021012,0.3513433209957172,1.730023402561681,0.06982828929723428,0.0637000141646654,0.5586263143778742,0,0,4,4,0,0,3,4
214,1,DoS,0,54,4.044186115264893,0.005,0.005000000000000001,0.27,0.001626555130115634,4.336808689942018e-19,0.08783397702624424,0,0,27,27,0,0,2,2
215,0,Normal,0,8,2.127987861633301,0.19410599027811953,0.25044684939093176,1.5528479222249563,0.06490802892299552,0.03683840759997351,0.5192642313839642,0,0,4,4,0,0,4,5
216,0,Normal,0,2,4.022033214569092,0.6742673533653086,0.6742673533653086,1.3485347067306173,0.22390699916123757,0.0,0.44781399832247515,0,0,1,1,0,0,2,2
217,1,Breakdown,0,2,2.022542715072632,0.17708092067858125,0.17708092067858125,0.3541618413571625,0.055623177740920716,0.0,0.11124635548184143,0,0,1,1,0,0,2,2
218,0,Normal,0,1,1.0597283840179443,0.0,0.0,0.0,0.0,0.0,0.0,0,0,0,0,0,1,1,1
219,0,Normal,0,2,3.0108041763305664,0.339647563429247,0.339647563429247,0.679295126858494,0.1126997243859973,0.0,0.2253994487719946,0,0,1,1,0,0,2,2
220,1,Theft,0,1,7.0022807121276855,0.0,0.0,0.0,15.844892649757208,0.0,15.844892649757208,0,0,0,0,1,0,1,1
221,1,Breakdown,0,1,51.01025915145874,0.0,0.0,0.0,0.0,0.0,0.0,0,0,0,0,0,1,1,1
222,1,Theft,0,1,10.01270318031311,0.0,0.0,0.0,15.347451742402347,0.0,15.347451742402347,0,0,0,0,1,0,1,1
223,1,Theft,0,1,32.00494694709778,0.0,0.0,0.0,12.822709908149433,0.0,12.822709908149433,0,0,0,0,1,0,1,1
224,1,Theft,0,1,20.019515991210938,0.0,0.0,0.0,19.898381289042412,0.0,19.898381289042412,0,0,0,0,1,0,1,1
225,1,Theft,0,1,24.031991004943848,0.0,0.0,0.0,17.45123360492871,0.0,17.45123360492871,0,0,0,0,1,0,1,1
226,1,Theft,0,1,21.0060076713562,0.0,0.0,0.0,18.640316008795587,0.0,18.640316008795587,0,0,0,0,1,0,1,1
227,1,Theft,0,1,21.024390935897827,0.0,0.0,0.0,15.228572703263348,0.0,15.228572703263348,0,0,0,0,1,0,1,1
228,0,Normal,0,36,6.049320697784424,0.005000000000000001,0.005,0.18000000000000002,0.0016369635415100939,2.168404344971009e-19,0.05893068749436338,0,0,18,18,0,0,2,2
229,0,Normal,0,4,2.2562239170074463,0.40934833637884416,0.5366670286139511,1.6373933455153766,0.13666540862105264,0.08193052849249836,0.5466616344842106,0,0,2,2,0,0,3,3
230,0,Normal,0,10,4.044554948806763,0.3190594246116919,0.41950665126065967,3.190594246116919,0.10152116399707926,0.06128210378874497,1.0152116399707927,0,0,5,5,0,0,6,6
231,0,Normal,0,10,4.048438310623169,0.4568146330773309,0.6028275523417251,4.568146330773309,0.1461837889750043,0.08900603836274398,1.461837889750043,0,0,5,5,0,0,6,6
232,0,Normal,0,14,3.1113152503967285,0.23682759837524361,0.42663366902871724,3.3155863772534104,0.07984650734532484,0.0846002120263171,1.1178511028345477,0,0,7,7,0,0,6,6
233,0,Normal,0,10,4.004412412643433,0.23061531378989467,0.34029656998780605,2.3061531378989466,0.07513325687465268,0.057647413173979666,0.7513325687465268,0,0,5,5,0,0,6,6
234,1,Theft,0,1,1.2513339519500732,0.0,0.0,0.0,13.160272748291632,0.0,13.160272748291632,0,0,0,0,1,0,1,1
235,0,Normal,0,2,1.0218162536621094,0.2596973689345888,0.2596973689345888,0.5193947378691776,0.08512376034715476,0.0,0.1702475206943095,0,0,1,1,0,0,2,2
236,0,Normal,0,12,2.009783983230591,0.5168530075348389,0.7639509570933013,6.202236090418067,0.1686067369379535,0.12976834932427148,2.023280843255442,0,0,6,6,0,0,6,6
237,0,Normal,0,2,2.1162588596343994,0.40182411298042414,0.40182411298042414,0.8036482259608483,0.1327078310586175,0.0,0.265415662117235,0,0,1,1,0,0,2,2
238,0,Normal,0,10,2.046271800994873,0.36875182892611574,0.752211853513275,3.6875182892611575,0.12665287337057027,0.15922882315694964,1.2665287337057027,0,0,5,5,0,0,5,5
239,0,Normal,0,2,2.020655393600464,0.38217800602615826,0.38217800602615826,0.7643560120523165,0.1292415011790054,0.0,0.2584830023580108,0,0,1,1,0,0,2,2
240,1,Theft,0,7,2.002894163131714,0.3150262629234804,0.5671106962871814,2.205183840464363,2.2487237169346828,5.204083556442889,15.741066018542778,0,0,3,3,1,0,4,5
241,0,Normal,0,10,4.072920322418213,0.24206130130955414,0.4318966813277792,2.4206130130955414,0.07723413320570549,0.07991422728419112,0.7723413320570549,0,0,5,5,0,0,4,5
242,0,Normal,0,4,2.0891480445861816,0.07697385930811698,0.08257042241944863,0.30789543723246793,0.02449720085261984,0.006724492720634041,0.09798880341047936,0,0,2,2,0,0,3,3
243,0,Normal,0,6,2.0435407161712646,0.3017353927047723,0.31650850274369813,1.8104123562286338,0.09978860875849553,0.02234887158277744,0.5987316525509732,0,0,3,3,0,0,4,4
244,0,Normal,0,4,2.0480544567108154,0.27247847661065566,0.3455761311145865,1.0899139064426226,0.08473245239884719,0.046238485036983565,0.33892980959538876,0,0,2,2,0,0,2,3
245,0,Normal,0,2,4.008538246154785,0.3129103693288845,0.3129103693288845,0.625820738657769,0.10495085844187561,0.0,0.20990171688375123,0,0,1,1,0,0,2,2
246,1,Theft,0,1,3.0136020183563232,0.0,0.0,0.0,17.78694706333909,0.0,17.78694706333909,0,0,0,0,1,0,1,1
247,0,Normal,0,4,1.0186071395874023,0.06047536510537813,0.07561280425088542,0.24190146042151253,0.019368970829149134,0.010278966233326841,0.07747588331659654,0,0,2,2,0,0,3,3
248,1,Theft,0,1,9.072070598602295,0.0,0.0,0.0,18.72614225947208,0.0,18.72614225947208,0,0,0,0,1,0,1,1
249,1,Breakdown,0,1,20.030147075653076,0.0,0.0,0.0,0.0,0.0,0.0,0,0,0,0,0,1,1,1
250,1,Theft,0,1,18.00548815727234,0.0,0.0,0.0,17.01848001045743,0.0,17.01848001045743,0,0,0,0,1,0,1,1
251,1,Theft,0,1,36.047125816345215,0.0,0.0,0.0,10.827163598025308,0.0,10.827163598025308,0,0,0,0,1,0,1,1
252,1,Theft,0,1,19.054935932159424,0.0,0.0,0.0,18.60070621102988,0.0,18.60070621102988,0,0,0,0,1,0,1,1
253,1,Breakdown,0,1,11.004364013671875,0.0,0.0,0.0,0.0,0.0,0.0,0,0,0,0,0,1,1,1
254,1,Theft,0,1,11.063340663909912,0.0,0.0,0.0,10.171292703316313,0.0,10.171292703316313,0,0,0,0,1,0,1,1
255,1,Theft,0,1,20.06861114501953,0.0,0.0,0.0,15.907784265789648,0.0,15.907784265789648,0,0,0,0,1,0,1,1
256,1,Breakdown,0,1,31.0250027179718,0.0,0.0,0.0,0.0,0.0,0.0,0,0,0,0,0,1,1,1
257,0,Normal,0,206,18.005507707595825,0.013428118485397853,0.07089866733782621,2.7661924079919578,0.004292206325538537,0.015734606043842955,0.8841945030609386,0,0,103,103,0,0,5,5
258,0,Normal,0,10,2.635362386703491,0.1782345238152895,0.19566299349900274,1.782345238152895,0.05726526575571865,0.01833962161011449,0.5726526575571865,0,0,5,5,0,0,5,4
259,0,Normal,0,10,2.0636768341064453,0.22801691122639745,0.2695696284573207,2.2801691122639745,0.07431373344919047,0.033137599926534755,0.7431373344919047,0,0,5,5,0,0,4,4
260,0,Normal,0,6,3.1533782482147217,0.595741260684737,0.7748348552199964,3.574447564108422,0.1986420659098811,0.11681272402566344,1.1918523954592866,0,0,3,3,0,0,4,4
261,0,Normal,0,12,4.042977571487427,0.4508953692664159,0.6825628327843087,5.41074443119699,0.1523997878529679,0.12246975981746165,1.8287974542356147,0,0,6,6,0,0,7,7
262,1,Theft,0,1,2.0174765586853027,0.0,0.0,0.0,12.209541565953463,0.0,12.209541565953463,0,0,0,0,1,0,1,1
263,0,Normal,0,6,2.0167276859283447,0.2968993620883764,0.34153845884069517,1.7813961725302585,0.10033656542252985,0.040341493367408505,0.6020193925351791,0,0,3,3,0,0,4,4
264,0,Normal,0,12,4.023601531982422,0.32193002672720866,0.4331997628273895,3.863160320726504,0.1068241554085944,0.0680130600365566,1.2818898649031327,0,0,6,6,0,0,7,6
265,1,Tampering,0,8,2.0155911445617676,0.27128493117231606,0.42405886204335463,2.1702794493785285,0.08321867466771407,0.07010532950573439,0.6657493973417126,0,0,4,4,0,0,4,4
266,0,Normal,0,8,4.009835481643677,0.39911172397140265,0.540674376175717,3.1928937917712212,0.12642046891446848,0.08202061617136527,1.0113637513157478,0,0,4,4,0,0,4,5
267,0,Normal,0,10,4.220736265182495,0.27313820834044505,0.3481294411241408,2.7313820834044504,0.09405451986679887,0.05358429788612573,0.9405451986679887,0,0,5,5,0,0,6,7
268,1,Theft,0,5,2.1642723083496094,0.071219846356037,0.08727919789317899,0.356099231780185,3.5015158253822998,6.943230087849504,17.507579126911498,0,0,2,2,1,0,3,4
269,0,Normal,0,8,2.04917049407959,0.17080626477737715,0.24941919890752184,1.3664501182190172,0.05832986240701119,0.043889470782158976,0.46663889925608953,0,0,4,4,0,0,4,4
270,0,Normal,0,4,2.0145936012268066,0.1307893594426415,0.13652775596432412,0.523157437770566,0.04369617445733544,0.009252618724608828,0.17478469782934175,0,0,2,2,0,0,3,3
271,0,Normal,0,6,2.0509908199310303,0.25522311066535813,0.3120950104671662,1.531338663992149,0.08673960180409425,0.04316628012195128,0.5204376108245655,0,0,3,3,0,0,4,4
272,0,Normal,0,6,6.036765098571777,0.15165330448735662,0.207656153898242,0.9099198269241396,0.05178914943281001,0.03425399970264615,0.31073489659686004,0,0,3,3,0,0,4,4
273,1,Breakdown,0,1,52.09342861175537,0.0,0.0,0.0,0.0,0.0,0.0,0,0,0,0,0,1,1,1
274,1,Breakdown,0,1,24.029383659362793,0.0,0.0,0.0,0.0,0.0,0.0,0,0,0,0,0,1,1,1
275,1,Breakdown,0,1,33.050689458847046,0.0,0.0,0.0,0.0,0.0,0.0,0,0,0,0,0,1,1,1
276,1,Theft,0,1,68.00793123245239,0.0,0.0,0.0,14.432918452832249,0.0,14.432918452832249,0,0,0,0,1,0,1,1
277,1,Theft,0,1,12.005776405334473,0.0,0.0,0.0,10.024443131608418,0.0,10.024443131608418,0,0,0,0,1,0,1,1
278,0,Normal,0,182,3.023725986480713,0.005,0.005,0.91,0.001729466332559182,0.0,0.3147628725257711,0,0,91,91,0,0,3,3
279,0,Normal,0,14,3.5306320190429688,0.24702352938450572,0.34744278915541904,3.45832941138308,0.08460445043488862,0.059171424265709226,1.1844623060884407,0,0,7,7,0,0,5,4
280,0,Normal,0,18,6.017669677734375,0.23498681423441165,0.2912265850959934,4.2297626562194095,0.07873817167476094,0.04075956659349171,1.4172870901456969,0,0,9,9,0,0,7,7
281,0,Normal,0,8,2.045457363128662,0.5776008735370823,0.6923215548670517,4.620806988296659,0.18414435006800078,0.08604487631863614,1.4731548005440063,0,0,4,4,0,0,3,3
282,0,Normal,0,10,4.094892740249634,0.3800423179057607,0.5072120058886934,3.8004231790576073,0.1279675973297543,0.07997770264832507,1.279675973297543,0,0,5,5,0,0,6,6
283,1,Theft,0,1,1.0757849216461182,0.0,0.0,0.0,11.730850995488938,0.0,11.730850995488938,0,0,0,0,1,0,1,1
284,0,Normal,0,10,3.007828712463379,0.38550305451459,0.5183889925665304,3.8550305451459,0.13160143591052428,0.08365956506955721,1.316014359105243,0,0,5,5,0,0,5,5
285,0,Normal,0,14,6.049278259277344,0.2928974955065448,0.37924751414361985,4.100564937091628,0.10049584956586191,0.058449416110556145,1.4069418939220668,0,0,7,7,0,0,8,8
286,0,Normal,0,4,2.007011890411377,0.5266995983569577,0.5942652664581973,2.1067983934278307,0.17780246377633707,0.06569295951121464,0.7112098551053483,0,0,2,2,0,0,3,3
287,1,Theft,0,1,1.0076274871826172,0.0,0.0,0.0,17.254935266585655,0.0,17.254935266585655,0,0,0,0,1,0,1,1
288,0,Normal,0,4,1.002110481262207,0.32050865488869784,0.3314862546575307,1.2820346195547914,0.10704739001769378,0.01998007538704214,0.42818956007077513,0,0,2,2,0,0,3,3
289,0,Normal,0,6,2.05859112739563,0.28122976614278145,0.4699621119169719,1.6873785968566888,0.09245961106425367,0.08753351924299303,0.554757666385522,0,0,3,3,0,0,3,3
290,0,Normal,0,2,4.0361785888671875,1.2369715233693017,1.2369715233693017,2.4739430467386034,0.4063956389817374,0.0,0.8127912779634748,0,0,1,1,0,0,2,2
291,1,DoS,0,2,4.0440733432769775,0.588609991335397,0.588609991335397,1.177219982670794,0.19555011906188463,0.0,0.39110023812376926,0,0,1,1,0,0,2,2
292,0,Normal,0,102,2.0184264183044434,0.010090455003005271,0.05189499490249335,1.0292264103065376,0.0033514726533042717,0.01195546672475731,0.3418502106370357,0,0,51,51,0,0,3,2
293,0,Normal,0,4,1.3331668376922607,0.21850822090419483,0.2756516669275199,0.8740328836167793,0.07227607549165273,0.03930327520140071,0.2891043019666109,0,0,2,2,0,0,3,2
294,0,Normal,0,4,4.053969860076904,0.14993062738859614,0.1740682321429074,0.5997225095543846,0.0488175663152327,0.020360554212693772,0.1952702652609308,0,0,2,2,0,0,3,2
295,1,Theft,0,1,4.047448635101318,0.0,0.0,0.0,16.682655145095442,0.0,16.682655145095442,0,0,0,0,1,0,1,1
296,1,Theft,0,1,28.006131172180176,0.0,0.0,0.0,12.499769288092857,0.0,12.499769288092857,0,0,0,0,1,0,1,1
297,1,Theft,0,1,53.025715827941895,0.0,0.0,0.0,16.811744540439694,0.0,16.811744540439694,0,0,0,0,1,0,1,1
298,1,Theft,0,1,29.008227825164795,0.0,0.0,0.0,17.46055350015895,0.0,17.46055350015895,0,0,0,0,1,0,1,1
299,1,Theft,0,1,18.080415725708008,0.0,0.0,0.0,10.236541252915831,0.0,10.236541252915831,0,0,0,0,1,0,1,1
300,1,Theft,0,1,9.001991748809814,0.0,0.0,0.0,14.023865391062072,0.0,14.023865391062072,0,0,0,0,1,0,1,1
301,1,Theft,0,1,9.014609575271606,0.0,0.0,0.0,18.477941589168676,0.0,18.477941589168676,0,0,0,0,1,0,1,1
302,1,DoS,0,506,48.067816734313965,0.007767037485712881,0.03828242240118507,3.9301209677707174,0.0025928444954104795,0.008848665305402955,1.3119793146777026,0,0,253,253,0,0,6,6
303,0,Normal,0,12,2.4771957397460938,0.3436484884750006,0.4688665425568927,4.1237818617000075,0.11083480122365612,0.07274378392358787,1.3300176146838734,0,0,6,6,0,0,5,5
304,0,Normal,0,8,4.1061177253723145,0.4958378010796306,0.5955808421775921,3.966702408637045,0.16711754955688765,0.07863292210465624,1.3369403964551012,0,0,4,4,0,0,4,4
305,0,Normal,0,8,3.0710561275482178,0.42675696738599644,0.5104851616088374,3.4140557390879716,0.1383715846947166,0.06422632312724347,1.1069726775577329,0,0,4,4,0,0,5,5
306,0,Normal,0,2,2.0291295051574707,1.033664635747768,1.033664635747768,2.067329271495536,0.3567160455469248,0.0,0.7134320910938496,0,0,1,1,0,0,2,2
307,1,Theft,0,1,5.01283073425293,0.0,0.0,0.0,10.16313048178484,0.0,10.16313048178484,0,0,0,0,1,0,1,1
308,0,Normal,0,10,1.0289597511291504,0.3677585280396153,0.48823075220868295,3.677585280396153,0.11961018462308044,0.0738529823168409,1.1961018462308044,0,0,5,5,0,0,6,6
309,0,Normal,0,8,2.095393180847168,0.4010928362783973,0.631061868658772,3.2087426902271785,0.1346276993822194,0.11563294812972251,1.0770215950577553,0,0,4,4,0,0,4,4
310,1,DoS,0,110,6.07248592376709,0.029152747997253963,0.11948283131453145,3.206802279697936,0.009792556980668483,0.027521950311168393,1.077181267873533,0,0,55,55,0,0,5,5
311,0,Normal,0,6,2.127000093460083,0.27731679186153424,0.3778876431678641,1.6639007511692054,0.09002843123732333,0.05892681861233309,0.54017058742394,0,0,3,3,0,0,4,4
312,0,Normal,0,2,2.085453510284424,0.5321834774907599,0.5321834774907599,1.0643669549815198,0.18049131287166406,0.0,0.3609826257433281,0,0,1,1,0,0,2,2
313,1,DoS,0,40,6.006305456161499,0.025633802410887013,0.0949420808401058,1.0253520964354805,0.008260581336021998,0.02083077189203564,0.3304232534408799,0,0,20,20,0,0,4,4
314,0,Normal,0,68,2.0721046924591064,0.011288558267890509,0.04227563225404856,0.7676219622165547,0.003906680235380113,0.009969696695185621,0.2656542560058477,0,0,34,34,0,0,4,4
315,0,Normal,0,4,4.29717755317688,0.2004438538173932,0.2219307597317764,0.8017754152695729,0.06620239688037219,0.022248555345006055,0.26480958752148875,0,0,2,2,0,0,3,3
316,1,Theft,0,1,17.002235651016235,0.0,0.0,0.0,19.98700882773885,0.0,19.98700882773885,0,0,0,0,1,0,1,1
317,1,Theft,0,1,55.00990867614746,0.0,0.0,0.0,12.473015676509096,0.0,12.473015676509096,0,0,0,0,1,0,1,1
318,1,Theft,0,1,73.08696937561035,0.0,0.0,0.0,10.354546320050657,0.0,10.354546320050657,0,0,0,0,1,0,1,1
319,1,Theft,0,1,18.00400972366333,0.0,0.0,0.0,10.46854240741191,0.0,10.46854240741191,0,0,0,0,1,0,1,1
320,1,Breakdown,0,1,12.01231050491333,0.0,0.0,0.0,0.0,0.0,0.0,0,0,0,0,0,1,1,1
321,1,Theft,0,1,11.003790616989136,0.0,0.0,0.0,13.387178203879104,0.0,13.387178203879104,0,0,0,0,1,0,1,1
322,1,Theft,0,1,9.058780908584595,0.0,0.0,0.0,11.385446787505341,0.0,11.385446787505341,0,0,0,0,1,0,1,1
323,1,Theft,0,1,36.004042863845825,0.0,0.0,0.0,10.628394682036559,0.0,10.628394682036559,0,0,0,0,1,0,1,1
324,1,Theft,0,1,25.040925979614258,0.0,0.0,0.0,15.284809835703195,0.0,15.284809835703195,0,0,0,0,1,0,1,1
325,1,Theft,0,1,10.014398574829102,0.0,0.0,0.0,16.522069631358114,0.0,16.522069631358114,0,0,0,0,1,0,1,1
326,1,Theft,0,1,8.012217283248901,0.0,0.0,0.0,10.061864580644274,0.0,10.061864580644274,0,0,0,0,1,0,1,1
327,1,Theft,0,1,29.022886753082275,0.0,0.0,0.0,19.203955974896097,0.0,19.203955974896097,0,0,0,0,1,0,1,1
328,1,Theft,0,1,85.01888990402222,0.0,0.0,0.0,15.228700459270142,0.0,15.228700459270142,0,0,0,0,1,0,1,1
329,1,Theft,0,1,62.01325702667236,0.0,0.0,0.0,19.456742570836617,0.0,19.456742570836617,0,0,0,0,1,0,1,1
330,1,Theft,0,1,39.01037120819092,0.0,0.0,0.0,18.12963711493468,0.0,18.12963711493468,0,0,0,0,1,0,1,1
331,1,Theft,0,1,47.02624559402466,0.0,0.0,0.0,18.065615532405218,0.0,18.065615532405218,0,0,0,0,1,0,1,1
332,1,Theft,0,1,48.00759744644165,0.0,0.0,0.0,11.943826769170796,0.0,11.943826769170796,0,0,0,0,1,0,1,1
333,1,Theft,0,1,31.007347106933594,0.0,0.0,0.0,12.138867443314563,0.0,12.138867443314563,0,0,0,0,1,0,1,1
334,1,Theft,0,1,11.00316572189331,0.0,0.0,0.0,13.917133752351774,0.0,13.917133752351774,0,0,0,0,1,0,1,1
335,1,Theft,0,1,21.00653100013733,0.0,0.0,0.0,15.797390839079924,0.0,15.797390839079924,0,0,0,0,1,0,1,1
336,1,Theft,0,1,31.07024312019348,0.0,0.0,0.0,11.361176936198232,0.0,11.361176936198232,0,0,0,0,1,0,1,1
337,1,Theft,0,1,9.01358151435852,0.0,0.0,0.0,15.660457689727233,0.0,15.660457689727233,0,0,0,0,1,0,1,1
338,1,Theft,0,1,67.02440905570984,0.0,0.0,0.0,11.94942498894385,0.0,11.94942498894385,0,0,0,0,1,0,1,1
339,1,Theft,0,1,41.009074687957764,0.0,0.0,0.0,16.864255417090078,0.0,16.864255417090078,0,0,0,0,1,0,1,1
340,1,Theft,0,1,54.079046964645386,0.0,0.0,0.0,11.621512222283327,0.0,11.621512222283327,0,0,0,0,1,0,1,1
341,1,Theft,0,1,11.016490697860718,0.0,0.0,0.0,19.22378154212776,0.0,19.22378154212776,0,0,0,0,1,0,1,1
342,1,Theft,0,1,42.05851078033447,0.0,0.0,0.0,12.673039181881741,0.0,12.673039181881741,0,0,0,0,1,0,1,1
343,1,Theft,0,1,22.0507230758667,0.0,0.0,0.0,19.88610278684027,0.0,19.88610278684027,0,0,0,0,1,0,1,1
344,1,Theft,0,1,11.042510509490967,0.0,0.0,0.0,10.526333923205893,0.0,10.526333923205893,0,0,0,0,1,0,1,1
345,1,Theft,0,1,9.028146505355835,0.0,0.0,0.0,10.532817904079746,0.0,10.532817904079746,0,0,0,0,1,0,1,1
346,1,Theft,0,1,11.02457308769226,0.0,0.0,0.0,18.789964462296716,0.0,18.789964462296716,0,0,0,0,1,0,1,1
347,1,Theft,0,1,28.043774843215942,0.0,0.0,0.0,11.477928345057494,0.0,11.477928345057494,0,0,0,0,1,0,1,1
348,1,Theft,0,1,10.002537250518799,0.0,0.0,0.0,16.573341650974832,0.0,16.573341650974832,0,0,0,0,1,0,1,1
349,1,Theft,0,1,10.007477760314941,0.0,0.0,0.0,15.739559986512882,0.0,15.739559986512882,0,0,0,0,1,0,1,1
350,1,Theft,0,1,42.0274932384491,0.0,0.0,0.0,17.359233424594002,0.0,17.359233424594002,0,0,0,0,1,0,1,1
351,1,Theft,0,1,28.01262354850769,0.0,0.0,0.0,18.654530366282707,0.0,18.654530366282707,0,0,0,0,1,0,1,1
352,1,Theft,0,1,180.06376934051514,0.0,0.0,0.0,17.37604598738011,0.0,17.37604598738011,0,0,0,0,1,0,1,1
353,1,Breakdown,0,1,35.021963357925415,0.0,0.0,0.0,0.0,0.0,0.0,0,0,0,0,0,1,1,1
354,1,Theft,0,1,9.045644760131836,0.0,0.0,0.0,16.576193896259333,0.0,16.576193896259333,0,0,0,0,1,0,1,1
355,1,Theft,0,1,36.03842043876648,0.0,0.0,0.0,11.134329692945357,0.0,11.134329692945357,0,0,0,0,1,0,1,1
356,1,Theft,0,1,41.02598857879639,0.0,0.0,0.0,10.374889170787847,0.0,10.374889170787847,0,0,0,0,1,0,1,1
357,1,Breakdown,0,1,43.02633762359619,0.0,0.0,0.0,0.0,0.0,0.0,0,0,0,0,0,1,1,1
358,1,Theft,0,1,81.02027654647827,0.0,0.0,0.0,18.761569159116483,0.0,18.761569159116483,0,0,0,0,1,0,1,1
359,1,Theft,0,1,11.003893613815308,0.0,0.0,0.0,11.29833054225278,0.0,11.29833054225278,0,0,0,0,1,0,1,1
360,1,Theft,0,1,39.04381847381592,0.0,0.0,0.0,10.598334015856679,0.0,10.598334015856679,0,0,0,0,1,0,1,1
361,1,Theft,0,1,30.055394172668457,0.0,0.0,0.0,15.496547064798849,0.0,15.496547064798849,0,0,0,0,1,0,1,1
362,1,Theft,0,1,10.007275581359863,0.0,0.0,0.0,14.727611916068676,0.0,14.727611916068676,0,0,0,0,1,0,1,1
363,1,Theft,0,1,9.019915103912354,0.0,0.0,0.0,11.042451881751111,0.0,11.042451881751111,0,0,0,0,1,0,1,1
364,1,Theft,0,1,11.008372783660889,0.0,0.0,0.0,12.384654080499367,0.0,12.384654080499367,0,0,0,0,1,0,1,1
365,1,Theft,0,1,10.059876680374146,0.0,0.0,0.0,15.01862934604494,0.0,15.01862934604494,0,0,0,0,1,0,1,1
366,1,Theft,0,1,19.02364444732666,0.0,0.0,0.0,15.993210772204547,0.0,15.993210772204547,0,0,0,0,1,0,1,1
367,1,Theft,0,1,10.034849405288696,0.0,0.0,0.0,14.689478808878107,0.0,14.689478808878107,0,0,0,0,1,0,1,1
368,1,Theft,0,1,9.02497911453247,0.0,0.0,0.0,14.643007277335425,0.0,14.643007277335425,0,0,0,0,1,0,1,1
369,1,Theft,0,1,21.005632638931274,0.0,0.0,0.0,18.08897360158273,0.0,18.08897360158273,0,0,0,0,1,0,1,1
370,1,Theft,0,1,20.057881593704224,0.0,0.0,0.0,13.757772243889631,0.0,13.757772243889631,0,0,0,0,1,0,1,1
371,1,Breakdown,0,1,29.016892671585083,0.0,0.0,0.0,0.0,0.0,0.0,0,0,0,0,0,1,1,1
372,1,Theft,0,1,62.0172004699707,0.0,0.0,0.0,18.8142189058469,0.0,18.8142189058469,0,0,0,0,1,0,1,1
373,1,Theft,0,1,11.01645302772522,0.0,0.0,0.0,11.915408388001135,0.0,11.915408388001135,0,0,0,0,1,0,1,1
374,1,Theft,0,1,26.05132818222046,0.0,0.0,0.0,17.159479679661185,0.0,17.159479679661185,0,0,0,0,1,0,1,1
375,1,Theft,0,1,39.024085998535156,0.0,0.0,0.0,15.123116036228158,0.0,15.123116036228158,0,0,0,0,1,0,1,1
376,1,Theft,0,1,98.03124690055847,0.0,0.0,0.0,11.970326832382371,0.0,11.970326832382371,0,0,0,0,1,0,1,1
377,1,Theft,0,1,9.04128360748291,0.0,0.0,0.0,11.204679512523489,0.0,11.204679512523489,0,0,0,0,1,0,1,1
378,1,Theft,0,1,29.023508548736572,0.0,0.0,0.0,19.778341534332167,0.0,19.778341534332167,0,0,0,0,1,0,1,1
379,1,Theft,0,1,39.013381242752075,0.0,0.0,0.0,14.563070973309967,0.0,14.563070973309967,0,0,0,0,1,0,1,1
380,1,Theft,0,1,84.01169157028198,0.0,0.0,0.0,17.004042671957635,0.0,17.004042671957635,0,0,0,0,1,0,1,1
381,1,Theft,0,1,121.0163049697876,0.0,0.0,0.0,13.957261923128804,0.0,13.957261923128804,0,0,0,0,1,0,1,1
382,1,Breakdown,0,1,9.006989479064941,0.0,0.0,0.0,0.0,0.0,0.0,0,0,0,0,0,1,1,1
383,1,Theft,0,1,31.039538621902466,0.0,0.0,0.0,18.892754988227907,0.0,18.892754988227907,0,0,0,0,1,0,1,1
384,1,Theft,0,1,47.13082313537598,0.0,0.0,0.0,18.460963722728465,0.0,18.460963722728465,0,0,0,0,1,0,1,1
385,1,Theft,0,1,9.01129674911499,0.0,0.0,0.0,15.338538443673318,0.0,15.338538443673318,0,0,0,0,1,0,1,1
386,1,Theft,0,1,138.02197122573853,0.0,0.0,0.0,19.3836633256196,0.0,19.3836633256196,0,0,0,0,1,0,1,1
387,1,Theft,0,1,31.076159238815308,0.0,0.0,0.0,16.50240534268896,0.0,16.50240534268896,0,0,0,0,1,0,1,1
388,1,Theft,0,1,21.00548529624939,0.0,0.0,0.0,11.860426973318893,0.0,11.860426973318893,0,0,0,0,1,0,1,1
389,1,Theft,0,1,29.021845817565918,0.0,0.0,0.0,11.631683251545919,0.0,11.631683251545919,0,0,0,0,1,0,1,1
390,1,Theft,0,1,80.03448390960693,0.0,0.0,0.0,16.5830527694714,0.0,16.5830527694714,0,0,0,0,1,0,1,1
391,1,Theft,0,1,11.02983021736145,0.0,0.0,0.0,13.509098768480778,0.0,13.509098768480778,0,0,0,0,1,0,1,1
392,1,Theft,0,1,51.02389907836914,0.0,0.0,0.0,17.81965106687183,0.0,17.81965106687183,0,0,0,0,1,0,1,1
393,1,Theft,0,1,40.020262479782104,0.0,0.0,0.0,10.638610013736775,0.0,10.638610013736775,0,0,0,0,1,0,1,1
394,1,Theft,0,1,11.025168180465698,0.0,0.0,0.0,12.224657651882112,0.0,12.224657651882112,0,0,0,0,1,0,1,1
395,1,Theft,0,1,63.052478313446045,0.0,0.0,0.0,15.070187758681726,0.0,15.070187758681726,0,0,0,0,1,0,1,1
396,1,Theft,0,1,67.03649163246155,0.0,0.0,0.0,17.921358682186593,0.0,17.921358682186593,0,0,0,0,1,0,1,1
397,1,Theft,0,1,34.017021894454956,0.0,0.0,0.0,17.70607461919623,0.0,17.70607461919623,0,0,0,0,1,0,1,1
398,1,Theft,0,1,10.064281225204468,0.0,0.0,0.0,19.399862349103085,0.0,19.399862349103085,0,0,0,0,1,0,1,1
399,1,Theft,0,1,53.02522611618042,0.0,0.0,0.0,16.06461281672255,0.0,16.06461281672255,0,0,0,0,1,0,1,1
400,1,Theft,0,1,21.00943398475647,0.0,0.0,0.0,13.284683472662776,0.0,13.284683472662776,0,0,0,0,1,0,1,1
401,1,Theft,0,1,8.07964539527893,0.0,0.0,0.0,13.434526148619863,0.0,13.434526148619863,0,0,0,0,1,0,1,1
402,1,Theft,0,1,21.04506826400757,0.0,0.0,0.0,12.207844464026739,0.0,12.207844464026739,0,0,0,0,1,0,1,1
403,1,Theft,0,1,18.006519079208374,0.0,0.0,0.0,18.51752814021453,0.0,18.51752814021453,0,0,0,0,1,0,1,1
404,1,Theft,0,1,40.01898765563965,0.0,0.0,0.0,14.887512960333051,0.0,14.887512960333051,0,0,0,0,1,0,1,1
405,1,Theft,0,1,21.024317741394043,0.0,0.0,0.0,19.725359747433778,0.0,19.725359747433778,0,0,0,0,1,0,1,1
406,1,Theft,0,1,22.04472041130066,0.0,0.0,0.0,16.69201244252531,0.0,16.69201244252531,0,0,0,0,1,0,1,1
407,1,Theft,0,1,11.073983430862427,0.0,0.0,0.0,14.523194956972265,0.0,14.523194956972265,0,0,0,0,1,0,1,1
408,1,Theft,0,1,11.006747007369995,0.0,0.0,0.0,11.017063149229038,0.0,11.017063149229038,0,0,0,0,1,0,1,1
409,1,Theft,0,1,97.04166674613953,0.0,0.0,0.0,10.54430459793422,0.0,10.54430459793422,0,0,0,0,1,0,1,1
410,1,Theft,0,1,31.02890658378601,0.0,0.0,0.0,14.96325924335497,0.0,14.96325924335497,0,0,0,0,1,0,1,1
411,1,Theft,0,1,77.05246353149414,0.0,0.0,0.0,18.916960525209987,0.0,18.916960525209987,0,0,0,0,1,0,1,1
412,1,Theft,0,1,21.020458936691284,0.0,0.0,0.0,10.517095996224402,0.0,10.517095996224402,0,0,0,0,1,0,1,1
413,1,Theft,0,1,8.04442024230957,0.0,0.0,0.0,13.663426877385614,0.0,13.663426877385614,0,0,0,0,1,0,1,1
414,1,Theft,0,1,22.02275252342224,0.0,0.0,0.0,16.088777571743677,0.0,16.088777571743677,0,0,0,0,1,0,1,1
415,1,Theft,0,1,52.02185368537903,0.0,0.0,0.0,11.145644501674264,0.0,11.145644501674264,0,0,0,0,1,0,1,1
416,1,Theft,0,1,21.01611566543579,0.0,0.0,0.0,12.308873497005411,0.0,12.308873497005411,0,0,0,0,1,0,1,1
417,1,Theft,0,1,31.092753887176514,0.0,0.0,0.0,14.651352706864955,0.0,14.651352706864955,0,0,0,0,1,0,1,1
418,1,Theft,0,1,80.05007648468018,0.0,0.0,0.0,13.612169493047341,0.0,13.612169493047341,0,0,0,0,1,0,1,1
419,1,Theft,0,1,22.014028310775757,0.0,0.0,0.0,19.816134350062136,0.0,19.816134350062136,0,0,0,0,1,0,1,1
420,1,Theft,0,1,30.100481271743774,0.0,0.0,0.0,12.75313190902796,0.0,12.75313190902796,0,0,0,0,1,0,1,1
421,1,Theft,0,1,10.028722524642944,0.0,0.0,0.0,14.824491515067873,0.0,14.824491515067873,0,0,0,0,1,0,1,1
422,1,Theft,0,1,22.00952982902527,0.0,0.0,0.0,15.501501028548292,0.0,15.501501028548292,0,0,0,0,1,0,1,1
423,1,Theft,0,1,12.026003122329712,0.0,0.0,0.0,15.171157985273714,0.0,15.171157985273714,0,0,0,0,1,0,1,1
424,1,Theft,0,1,12.014501333236694,0.0,0.0,0.0,10.736440597705625,0.0,10.736440597705625,0,0,0,0,1,0,1,1
425,1,Theft,0,1,22.01780366897583,0.0,0.0,0.0,10.144372056129153,0.0,10.144372056129153,0,0,0,0,1,0,1,1
426,1,Theft,0,1,30.026362419128418,0.0,0.0,0.0,12.437327360631969,0.0,12.437327360631969,0,0,0,0,1,0,1,1
427,1,Theft,0,1,10.027602434158325,0.0,0.0,0.0,10.978095801720874,0.0,10.978095801720874,0,0,0,0,1,0,1,1
428,1,Theft,0,1,9.029054164886475,0.0,0.0,0.0,10.062058938981783,0.0,10.062058938981783,0,0,0,0,1,0,1,1
429,1,Theft,0,1,19.01247239112854,0.0,0.0,0.0,11.337489985305995,0.0,11.337489985305995,0,0,0,0,1,0,1,1
430,1,Theft,0,1,30.010845184326172,0.0,0.0,0.0,10.548869146578328,0.0,10.548869146578328,0,0,0,0,1,0,1,1
431,1,Theft,0,1,44.022871017456055,0.0,0.0,0.0,18.53680651185779,0.0,18.53680651185779,0,0,0,0,1,0,1,1
432,1,Theft,0,1,27.014410495758057,0.0,0.0,0.0,14.805526448427594,0.0,14.805526448427594,0,0,0,0,1,0,1,1
433,1,Theft,0,1,30.02642297744751,0.0,0.0,0.0,16.502385332088696,0.0,16.502385332088696,0,0,0,0,1,0,1,1
434,1,Theft,0,1,29.025727033615112,0.0,0.0,0.0,11.098830950237074,0.0,11.098830950237074,0,0,0,0,1,0,1,1
435,1,Theft,0,1,24.01923942565918,0.0,0.0,0.0,17.55494039166437,0.0,17.55494039166437,0,0,0,0,1,0,1,1
436,1,Theft,0,1,40.056047439575195,0.0,0.0,0.0,12.219396573143738,0.0,12.219396573143738,0,0,0,0,1,0,1,1
437,1,Theft,0,1,78.03662753105164,0.0,0.0,0.0,18.30680619076539,0.0,18.30680619076539,0,0,0,0,1,0,1,1
438,1,Theft,0,1,9.00976276397705,0.0,0.0,0.0,15.215403073629231,0.0,15.215403073629231,0,0,0,0,1,0,1,1
439,1,Theft,0,1,26.017274618148804,0.0,0.0,0.0,12.586824816496987,0.0,12.586824816496987,0,0,0,0,1,0,1,1
440,1,Theft,0,1,10.07405138015747,0.0,0.0,0.0,19.91413697660439,0.0,19.91413697660439,0,0,0,0,1,0,1,1
441,1,Theft,0,1,45.01977229118347,0.0,0.0,0.0,17.102434703085226,0.0,17.102434703085226,0,0,0,0,1,0,1,1
442,1,Theft,0,1,108.0396683216095,0.0,0.0,0.0,14.748997889169104,0.0,14.748997889169104,0,0,0,0,1,0,1,1
443,1,Theft,0,1,94.05125689506531,0.0,0.0,0.0,11.3162955897217,0.0,11.3162955897217,0,0,0,0,1,0,1,1
444,1,Theft,0,1,10.04093623161316,0.0,0.0,0.0,19.009198451353022,0.0,19.009198451353022,0,0,0,0,1,0,1,1
445,1,Theft,0,1,12.017540216445923,0.0,0.0,0.0,18.44717931413553,0.0,18.44717931413553,0,0,0,0,1,0,1,1
446,1,Theft,0,1,18.014642238616943,0.0,0.0,0.0,15.164147775524603,0.0,15.164147775524603,0,0,0,0,1,0,1,1
447,1,Theft,0,1,19.011247634887695,0.0,0.0,0.0,10.564687216959307,0.0,10.564687216959307,0,0,0,0,1,0,1,1
448,1,Theft,0,1,18.011401891708374,0.0,0.0,0.0,17.34691136389497,0.0,17.34691136389497,0,0,0,0,1,0,1,1
449,1,Theft,0,1,83.0498948097229,0.0,0.0,0.0,16.36639686036828,0.0,16.36639686036828,0,0,0,0,1,0,1,1
450,1,Theft,0,1,22.032788515090942,0.0,0.0,0.0,11.992392609100206,0.0,11.992392609100206,0,0,0,0,1,0,1,1
451,1,Theft,0,1,32.033997535705566,0.0,0.0,0.0,10.612513652690371,0.0,10.612513652690371,0,0,0,0,1,0,1,1
452,1,Theft,0,1,32.08603310585022,0.0,0.0,0.0,11.305020328167338,0.0,11.305020328167338,0,0,0,0,1,0,1,1
453,1,Theft,0,1,61.03241729736328,0.0,0.0,0.0,11.967072922629871,0.0,11.967072922629871,0,0,0,0,1,0,1,1
454,1,Theft,0,1,10.014803409576416,0.0,0.0,0.0,15.338925870726381,0.0,15.338925870726381,0,0,0,0,1,0,1,1
455,1,Theft,0,1,63.05769205093384,0.0,0.0,0.0,19.44979449065346,0.0,19.44979449065346,0,0,0,0,1,0,1,1
456,1,Theft,0,1,45.02149224281311,0.0,0.0,0.0,19.99845948197934,0.0,19.99845948197934,0,0,0,0,1,0,1,1
457,1,Theft,0,1,10.06079912185669,0.0,0.0,0.0,12.417408491074507,0.0,12.417408491074507,0,0,0,0,1,0,1,1
458,1,Theft,0,1,71.04635715484619,0.0,0.0,0.0,14.424928695948996,0.0,14.424928695948996,0,0,0,0,1,0,1,1
459,1,Theft,0,1,11.010428667068481,0.0,0.0,0.0,11.654619133226541,0.0,11.654619133226541,0,0,0,0,1,0,1,1
460,1,Theft,0,1,53.021830320358276,0.0,0.0,0.0,15.919376611847348,0.0,15.919376611847348,0,0,0,0,1,0,1,1
461,1,Theft,0,1,20.017906427383423,0.0,0.0,0.0,14.985284051443788,0.0,14.985284051443788,0,0,0,0,1,0,1,1
462,1,Theft,0,1,79.05678009986877,0.0,0.0,0.0,14.34867662877309,0.0,14.34867662877309,0,0,0,0,1,0,1,1
463,1,Theft,0,1,20.071946382522583,0.0,0.0,0.0,19.94390790416118,0.0,19.94390790416118,0,0,0,0,1,0,1,1
464,1,Theft,0,1,51.034966230392456,0.0,0.0,0.0,10.552665124401289,0.0,10.552665124401289,0,0,0,0,1,0,1,1
465,1,Theft,0,1,63.05202507972717,0.0,0.0,0.0,13.165894220408187,0.0,13.165894220408187,0,0,0,0,1,0,1,1
466,1,Theft,0,1,62.026530742645264,0.0,0.0,0.0,13.134868156177856,0.0,13.134868156177856,0,0,0,0,1,0,1,1
467,1,Theft,0,1,60.0307457447052,0.0,0.0,0.0,12.126976064682943,0.0,12.126976064682943,0,0,0,0,1,0,1,1
468,1,Theft,0,1,8.027860164642334,0.0,0.0,0.0,14.011898876828612,0.0,14.011898876828612,0,0,0,0,1,0,1,1
469,1,Theft,0,1,18.109524726867676,0.0,0.0,0.0,11.552417208740081,0.0,11.552417208740081,0,0,0,0,1,0,1,1
470,1,Theft,0,1,10.020566940307617,0.0,0.0,0.0,14.052414238314881,0.0,14.052414238314881,0,0,0,0,1,0,1,1
471,1,Theft,0,1,34.03215479850769,0.0,0.0,0.0,10.727020021248078,0.0,10.727020021248078,0,0,0,0,1,0,1,1
472,1,Theft,0,1,151.06934785842896,0.0,0.0,0.0,18.768170395307166,0.0,18.768170395307166,0,0,0,0,1,0,1,1
473,1,Theft,0,1,30.069353818893433,0.0,0.0,0.0,15.270083403051501,0.0,15.270083403051501,0,0,0,0,1,0,1,1
474,1,Theft,0,1,10.0261812210083,0.0,0.0,0.0,19.424860655961325,0.0,19.424860655961325,0,0,0,0,1,0,1,1
475,1,Theft,0,1,25.048168897628784,0.0,0.0,0.0,12.791145757018352,0.0,12.791145757018352,0,0,0,0,1,0,1,1
476,1,Theft,0,1,18.033374071121216,0.0,0.0,0.0,10.486532986393394,0.0,10.486532986393394,0,0,0,0,1,0,1,1
477,1,Theft,0,1,52.01931357383728,0.0,0.0,0.0,10.995697148030535,0.0,10.995697148030535,0,0,0,0,1,0,1,1
478,1,Theft,0,1,21.024794340133667,0.0,0.0,0.0,16.725983977450497,0.0,16.725983977450497,0,0,0,0,1,0,1,1
479,1,Theft,0,1,31.064472675323486,0.0,0.0,0.0,19.088434131616687,0.0,19.088434131616687,0,0,0,0,1,0,1,1
480,1,Theft,0,1,41.018635749816895,0.0,0.0,0.0,14.398824221810315,0.0,14.398824221810315,0,0,0,0,1,0,1,1
481,1,Theft,0,1,68.0252103805542,0.0,0.0,0.0,18.8867326977849,0.0,18.8867326977849,0,0,0,0,1,0,1,1
482,1,Theft,0,1,70.03452467918396,0.0,0.0,0.0,16.02433808956313,0.0,16.02433808956313,0,0,0,0,1,0,1,1
483,1,Theft,0,1,99.03126192092896,0.0,0.0,0.0,11.544168333641915,0.0,11.544168333641915,0,0,0,0,1,0,1,1
484,1,Theft,0,1,96.05686783790588,0.0,0.0,0.0,19.919157045513913,0.0,19.919157045513913,0,0,0,0,1,0,1,1
485,1,Theft,0,1,55.0342161655426,0.0,0.0,0.0,18.453303513023975,0.0,18.453303513023975,0,0,0,0,1,0,1,1
486,1,Theft,0,1,20.041897773742676,0.0,0.0,0.0,14.832862892619278,0.0,14.832862892619278,0,0,0,0,1,0,1,1
487,1,Theft,0,1,11.008487939834595,0.0,0.0,0.0,19.908672807523352,0.0,19.908672807523352,0,0,0,0,1,0,1,1
488,1,Theft,0,1,76.03229999542236,0.0,0.0,0.0,10.769334594948111,0.0,10.769334594948111,0,0,0,0,1,0,1,1
489,1,Theft,0,1,55.05645751953125,0.0,0.0,0.0,11.154461409235289,0.0,11.154461409235289,0,0,0,0,1,0,1,1
490,1,Theft,0,1,48.04041910171509,0.0,0.0,0.0,10.573294284951835,0.0,10.573294284951835,0,0,0,0,1,0,1,1
491,1,Theft,0,1,111.05273342132568,0.0,0.0,0.0,12.863670275155036,0.0,12.863670275155036,0,0,0,0,1,0,1,1
492,1,Theft,0,1,23.019090175628662,0.0,0.0,0.0,13.316217519132863,0.0,13.316217519132863,0,0,0,0,1,0,1,1
493,1,Theft,0,1,28.01708173751831,0.0,0.0,0.0,12.749766535949806,0.0,12.749766535949806,0,0,0,0,1,0,1,1
494,1,Theft,0,1,93.05462121963501,0.0,0.0,0.0,12.123947092766567,0.0,12.123947092766567,0,0,0,0,1,0,1,1
495,1,Theft,0,1,36.01926255226135,0.0,0.0,0.0,16.734753655596514,0.0,16.734753655596514,0,0,0,0,1,0,1,1
496,1,Theft,0,1,60.03586554527283,0.0,0.0,0.0,19.31464527945272,0.0,19.31464527945272,0,0,0,0,1,0,1,1
497,1,Theft,0,1,21.023218393325806,0.0,0.0,0.0,15.969977463327165,0.0,15.969977463327165,0,0,0,0,1,0,1,1
498,1,Theft,0,1,88.03373599052429,0.0,0.0,0.0,15.78121275582494,0.0,15.78121275582494,0,0,0,0,1,0,1,1
499,1,Theft,0,1,21.02434253692627,0.0,0.0,0.0,17.881880948738388,0.0,17.881880948738388,0,0,0,0,1,0,1,1
500,1,Theft,0,1,8.083088636398315,0.0,0.0,0.0,17.757825497289193,0.0,17.757825497289193,0,0,0,0,1,0,1,1
501,1,Theft,0,1,19.0237557888031,0.0,0.0,0.0,11.742519005613758,0.0,11.742519005613758,0,0,0,0,1,0,1,1
502,1,Theft,0,1,118.05307197570801,0.0,0.0,0.0,18.289521702177296,0.0,18.289521702177296,0,0,0,0,1,0,1,1
503,1,Theft,0,1,48.05211043357849,0.0,0.0,0.0,13.275984416096769,0.0,13.275984416096769,0,0,0,0,1,0,1,1
504,1,Theft,0,1,54.10070729255676,0.0,0.0,0.0,17.200795347310326,0.0,17.200795347310326,0,0,0,0,1,0,1,1
505,1,Theft,0,1,86.05281400680542,0.0,0.0,0.0,10.952554896657457,0.0,10.952554896657457,0,0,0,0,1,0,1,1
506,1,Theft,0,1,37.021488904953,0.0,0.0,0.0,17.86576282022809,0.0,17.86576282022809,0,0,0,0,1,0,1,1
507,1,Theft,0,1,31.03546142578125,0.0,0.0,0.0,19.555383499891406,0.0,19.555383499891406,0,0,0,0,1,0,1,1
508,1,Theft,0,1,11.014467239379883,0.0,0.0,0.0,16.95030766074915,0.0,16.95030766074915,0,0,0,0,1,0,1,1
509,1,Theft,0,1,9.07376503944397,0.0,0.0,0.0,13.854316945845092,0.0,13.854316945845092,0,0,0,0,1,0,1,1
510,1,Theft,0,1,9.01081371307373,0.0,0.0,0.0,11.960430857734028,0.0,11.960430857734028,0,0,0,0,1,0,1,1
511,1,Theft,0,1,168.0784637928009,0.0,0.0,0.0,14.606486870909794,0.0,14.606486870909794,0,0,0,0,1,0,1,1
512,1,Theft,0,1,9.008553981781006,0.0,0.0,0.0,11.386053550495895,0.0,11.386053550495895,0,0,0,0,1,0,1,1
513,1,Theft,0,1,120.0396134853363,0.0,0.0,0.0,11.134100374392101,0.0,11.134100374392101,0,0,0,0,1,0,1,1
514,1,Theft,0,1,43.06663942337036,0.0,0.0,0.0,14.896457658568576,0.0,14.896457658568576,0,0,0,0,1,0,1,1
515,1,Theft,0,1,22.01983952522278,0.0,0.0,0.0,10.278066984635005,0.0,10.278066984635005,0,0,0,0,1,0,1,1
516,1,Theft,0,1,10.030122518539429,0.0,0.0,0.0,17.432131569607584,0.0,17.432131569607584,0,0,0,0,1,0,1,1
517,1,Theft,0,1,12.020383358001709,0.0,0.0,0.0,17.14261274181592,0.0,17.14261274181592,0,0,0,0,1,0,1,1
518,1,Theft,0,1,41.06776261329651,0.0,0.0,0.0,15.235334551750547,0.0,15.235334551750547,0,0,0,0,1,0,1,1
519,1,Theft,0,1,9.020691394805908,0.0,0.0,0.0,16.42710531918901,0.0,16.42710531918901,0,0,0,0,1,0,1,1
520,1,Theft,0,1,22.023194789886475,0.0,0.0,0.0,11.026491621093408,0.0,11.026491621093408,0,0,0,0,1,0,1,1
521,1,Theft,0,1,10.051716566085815,0.0,0.0,0.0,13.023139460963858,0.0,13.023139460963858,0,0,0,0,1,0,1,1
522,1,Theft,0,1,127.05179262161255,0.0,0.0,0.0,12.838975418894204,0.0,12.838975418894204,0,0,0,0,1,0,1,1
523,1,Theft,0,1,21.03846549987793,0.0,0.0,0.0,13.49128591831096,0.0,13.49128591831096,0,0,0,0,1,0,1,1
524,1,Theft,0,1,40.03888440132141,0.0,0.0,0.0,16.657146815929703,0.0,16.657146815929703,0,0,0,0,1,0,1,1
525,1,Theft,0,1,12.019950866699219,0.0,0.0,0.0,17.490117233696864,0.0,17.490117233696864,0,0,0,0,1,0,1,1
526,1,Theft,0,1,30.015368938446045,0.0,0.0,0.0,10.484149366287824,0.0,10.484149366287824,0,0,0,0,1,0,1,1
527,1,Theft,0,1,108.06553959846497,0.0,0.0,0.0,16.088547018546553,0.0,16.088547018546553,0,0,0,0,1,0,1,1
528,1,Theft,0,1,20.027836799621582,0.0,0.0,0.0,16.03132501809966,0.0,16.03132501809966,0,0,0,0,1,0,1,1
529,1,Theft,0,1,8.075406551361084,0.0,0.0,0.0,11.409364949539153,0.0,11.409364949539153,0,0,0,0,1,0,1,1
530,1,Theft,0,1,42.02689218521118,0.0,0.0,0.0,19.52735636476721,0.0,19.52735636476721,0,0,0,0,1,0,1,1
531,1,Theft,0,1,42.03865051269531,0.0,0.0,0.0,16.575558583146478,0.0,16.575558583146478,0,0,0,0,1,0,1,1
532,1,Theft,0,1,22.03266739845276,0.0,0.0,0.0,14.891423544876385,0.0,14.891423544876385,0,0,0,0,1,0,1,1
533,1,Theft,0,1,10.006016492843628,0.0,0.0,0.0,17.343695668257435,0.0,17.343695668257435,0,0,0,0,1,0,1,1
534,1,Theft,0,1,12.008559703826904,0.0,0.0,0.0,16.90023975201056,0.0,16.90023975201056,0,0,0,0,1,0,1,1
535,1,Theft,0,1,53.02479553222656,0.0,0.0,0.0,16.882544560270166,0.0,16.882544560270166,0,0,0,0,1,0,1,1
536,1,Theft,0,1,32.05755925178528,0.0,0.0,0.0,13.952592026542293,0.0,13.952592026542293,0,0,0,0,1,0,1,1
537,1,Theft,0,1,29.035061836242676,0.0,0.0,0.0,18.616123479834908,0.0,18.616123479834908,0,0,0,0,1,0,1,1
538,1,Theft,0,1,21.0200092792511,0.0,0.0,0.0,17.71713639046107,0.0,17.71713639046107,0,0,0,0,1,0,1,1
539,1,Theft,0,1,8.015209913253784,0.0,0.0,0.0,11.723705961285331,0.0,11.723705961285331,0,0,0,0,1,0,1,1
540,1,Theft,0,1,27.02215600013733,0.0,0.0,0.0,19.92667465302632,0.0,19.92667465302632,0,0,0,0,1,0,1,1
541,1,Theft,0,1,10.044055223464966,0.0,0.0,0.0,14.446824749397546,0.0,14.446824749397546,0,0,0,0,1,0,1,1
542,1,Theft,0,1,31.02143669128418,0.0,0.0,0.0,18.524093990731338,0.0,18.524093990731338,0,0,0,0,1,0,1,1
543,1,Theft,0,1,80.05600810050964,0.0,0.0,0.0,18.736027176086694,0.0,18.736027176086694,0,0,0,0,1,0,1,1
544,1,Theft,0,1,114.06040692329407,0.0,0.0,0.0,12.329459089239458,0.0,12.329459089239458,0,0,0,0,1,0,1,1
545,1,Theft,0,1,44.01685285568237,0.0,0.0,0.0,18.34145590252188,0.0,18.34145590252188,0,0,0,0,1,0,1,1
546,1,Theft,0,1,56.066689014434814,0.0,0.0,0.0,17.481266062647414,0.0,17.481266062647414,0,0,0,0,1,0,1,1
547,1,Theft,0,1,20.0133216381073,0.0,0.0,0.0,15.418461429075574,0.0,15.418461429075574,0,0,0,0,1,0,1,1
548,1,Theft,0,1,9.051711559295654,0.0,0.0,0.0,10.816143165305423,0.0,10.816143165305423,0,0,0,0,1,0,1,1
549,1,Theft,0,1,20.04407286643982,0.0,0.0,0.0,12.216219944035172,0.0,12.216219944035172,0,0,0,0,1,0,1,1
550,1,Theft,0,1,20.01881694793701,0.0,0.0,0.0,10.219405635837095,0.0,10.219405635837095,0,0,0,0,1,0,1,1
551,1,Theft,0,1,52.052483558654785,0.0,0.0,0.0,12.098025325602134,0.0,12.098025325602134,0,0,0,0,1,0,1,1
552,1,Theft,0,1,31.04895305633545,0.0,0.0,0.0,17.90342953951677,0.0,17.90342953951677,0,0,0,0,1,0,1,1
553,1,Theft,0,1,22.021763563156128,0.0,0.0,0.0,13.959078787293162,0.0,13.959078787293162,0,0,0,0,1,0,1,1
554,1,Theft,0,1,51.03105974197388,0.0,0.0,0.0,15.917549630281357,0.0,15.917549630281357,0,0,0,0,1,0,1,1
555,1,Theft,0,1,27.032726764678955,0.0,0.0,0.0,13.774957728422859,0.0,13.774957728422859,0,0,0,0,1,0,1,1
556,1,Theft,0,1,9.070888042449951,0.0,0.0,0.0,18.11812297163242,0.0,18.11812297163242,0,0,0,0,1,0,1,1
557,1,Theft,0,1,22.01904797554016,0.0,0.0,0.0,18.293314846189364,0.0,18.293314846189364,0,0,0,0,1,0,1,1
558,1,Theft,0,1,30.037328720092773,0.0,0.0,0.0,12.493536638757273,0.0,12.493536638757273,0,0,0,0,1,0,1,1
559,1,Theft,0,1,19.037676334381104,0.0,0.0,0.0,15.848384319441507,0.0,15.848384319441507,0,0,0,0,1,0,1,1
560,1,Theft,0,1,50.02573299407959,0.0,0.0,0.0,15.84313911070716,0.0,15.84313911070716,0,0,0,0,1,0,1,1
561,1,Theft,0,1,19.044071435928345,0.0,0.0,0.0,14.268292715253304,0.0,14.268292715253304,0,0,0,0,1,0,1,1
562,1,Theft,0,1,11.010336875915527,0.0,0.0,0.0,17.009472580286747,0.0,17.009472580286747,0,0,0,0,1,0,1,1
563,1,Theft,0,1,32.03136372566223,0.0,0.0,0.0,12.090466904132548,0.0,12.090466904132548,0,0,0,0,1,0,1,1
564,1,Theft,0,1,103.06100225448608,0.0,0.0,0.0,10.09169294208556,0.0,10.09169294208556,0,0,0,0,1,0,1,1
565,1,Theft,0,1,129.0380322933197,0.0,0.0,0.0,10.40865671703523,0.0,10.40865671703523,0,0,0,0,1,0,1,1
566,1,Theft,0,1,19.02939510345459,0.0,0.0,0.0,12.724158187786596,0.0,12.724158187786596,0,0,0,0,1,0,1,1
567,1,Theft,0,1,92.02540445327759,0.0,0.0,0.0,14.972015698000332,0.0,14.972015698000332,0,0,0,0,1,0,1,1
568,1,Theft,0,1,10.005761861801147,0.0,0.0,0.0,14.02874493382254,0.0,14.02874493382254,0,0,0,0,1,0,1,1
569,1,Theft,0,1,18.075890064239502,0.0,0.0,0.0,13.278069775648316,0.0,13.278069775648316,0,0,0,0,1,0,1,1
570,1,Theft,0,1,9.01291823387146,0.0,0.0,0.0,19.522425869914308,0.0,19.522425869914308,0,0,0,0,1,0,1,1
571,1,Theft,0,1,19.014386653900146,0.0,0.0,0.0,12.260376350855893,0.0,12.260376350855893,0,0,0,0,1,0,1,1
572,1,Theft,0,1,31.011584281921387,0.0,0.0,0.0,17.091969272796703,0.0,17.091969272796703,0,0,0,0,1,0,1,1
573,1,Theft,0,1,72.0503761768341,0.0,0.0,0.0,17.17690456293436,0.0,17.17690456293436,0,0,0,0,1,0,1,1
574,1,Theft,0,1,9.043508291244507,0.0,0.0,0.0,11.370323047723781,0.0,11.370323047723781,0,0,0,0,1,0,1,1
575,1,Theft,0,1,11.016681432723999,0.0,0.0,0.0,15.208428300886503,0.0,15.208428300886503,0,0,0,0,1,0,1,1
576,1,Theft,0,1,52.01981210708618,0.0,0.0,0.0,16.475810963646627,0.0,16.475810963646627,0,0,0,0,1,0,1,1
577,1,Theft,0,1,10.005687236785889,0.0,0.0,0.0,18.078203640404052,0.0,18.078203640404052,0,0,0,0,1,0,1,1
578,1,Theft,0,1,21.042709589004517,0.0,0.0,0.0,11.094032810195799,0.0,11.094032810195799,0,0,0,0,1,0,1,1
579,1,Theft,0,1,48.031291007995605,0.0,0.0,0.0,18.212525339253105,0.0,18.212525339253105,0,0,0,0,1,0,1,1
580,1,Theft,0,1,19.028992891311646,0.0,0.0,0.0,17.30411013304453,0.0,17.30411013304453,0,0,0,0,1,0,1,1
581,1,Theft,0,1,103.05033206939697,0.0,0.0,0.0,10.264770731462654,0.0,10.264770731462654,0,0,0,0,1,0,1,1
582,1,Theft,0,1,51.065037965774536,0.0,0.0,0.0,10.956722463578846,0.0,10.956722463578846,0,0,0,0,1,0,1,1
583,1,Theft,0,1,21.065544843673706,0.0,0.0,0.0,19.113533052955493,0.0,19.113533052955493,0,0,0,0,1,0,1,1
584,1,Theft,0,1,10.01030158996582,0.0,0.0,0.0,16.3913514570153,0.0,16.3913514570153,0,0,0,0,1,0,1,1
585,1,Theft,0,1,11.014111518859863,0.0,0.0,0.0,16.005111633376973,0.0,16.005111633376973,0,0,0,0,1,0,1,1
586,1,Theft,0,1,21.037918090820312,0.0,0.0,0.0,19.11481473650843,0.0,19.11481473650843,0,0,0,0,1,0,1,1
587,1,Theft,0,1,39.059524059295654,0.0,0.0,0.0,13.130064596608364,0.0,13.130064596608364,0,0,0,0,1,0,1,1
588,1,Theft,0,1,38.02541136741638,0.0,0.0,0.0,11.935083494597908,0.0,11.935083494597908,0,0,0,0,1,0,1,1
589,1,Theft,0,1,52.085755825042725,0.0,0.0,0.0,13.56577017311423,0.0,13.56577017311423,0,0,0,0,1,0,1,1
590,1,Theft,0,1,59.04534578323364,0.0,0.0,0.0,11.51961034602502,0.0,11.51961034602502,0,0,0,0,1,0,1,1
591,1,Theft,0,1,11.0126953125,0.0,0.0,0.0,15.965430113125711,0.0,15.965430113125711,0,0,0,0,1,0,1,1
592,1,Theft,0,1,29.02143168449402,0.0,0.0,0.0,19.394953777979197,0.0,19.394953777979197,0,0,0,0,1,0,1,1
593,1,Theft,0,1,78.03462862968445,0.0,0.0,0.0,14.395450394720207,0.0,14.395450394720207,0,0,0,0,1,0,1,1
594,1,Theft,0,1,70.04816675186157,0.0,0.0,0.0,13.72893981975557,0.0,13.72893981975557,0,0,0,0,1,0,1,1
595,1,Theft,0,1,33.01434874534607,0.0,0.0,0.0,11.347600505360658,0.0,11.347600505360658,0,0,0,0,1,0,1,1
596,1,Theft,0,1,58.023805379867554,0.0,0.0,0.0,13.791655901733122,0.0,13.791655901733122,0,0,0,0,1,0,1,1
597,1,Theft,0,1,9.05453085899353,0.0,0.0,0.0,13.858841596477578,0.0,13.858841596477578,0,0,0,0,1,0,1,1
598,1,Theft,0,1,33.01890778541565,0.0,0.0,0.0,12.462075305096565,0.0,12.462075305096565,0,0,0,0,1,0,1,1
599,1,Theft,0,1,76.02961468696594,0.0,0.0,0.0,19.743560686350815,0.0,19.743560686350815,0,0,0,0,1,0,1,1
600,1,Theft,0,1,86.0983498096466,0.0,0.0,0.0,17.89800451122383,0.0,17.89800451122383,0,0,0,0,1,0,1,1
601,1,Theft,0,1,50.09401774406433,0.0,0.0,0.0,18.712325841464907,0.0,18.712325841464907,0,0,0,0,1,0,1,1
602,1,Theft,0,1,48.025041341781616,0.0,0.0,0.0,11.611164433753304,0.0,11.611164433753304,0,0,0,0,1,0,1,1
603,1,Theft,0,1,44.01994037628174,0.0,0.0,0.0,10.517344583228098,0.0,10.517344583228098,0,0,0,0,1,0,1,1
604,1,Theft,0,1,94.0496940612793,0.0,0.0,0.0,16.323265256825994,0.0,16.323265256825994,0,0,0,0,1,0,1,1
605,1,Theft,0,1,75.03877544403076,0.0,0.0,0.0,16.67517926428168,0.0,16.67517926428168,0,0,0,0,1,0,1,1
606,1,Theft,0,1,11.037905216217041,0.0,0.0,0.0,11.632270030717034,0.0,11.632270030717034,0,0,0,0,1,0,1,1
607,1,Theft,0,1,20.009867906570435,0.0,0.0,0.0,13.38987952536995,0.0,13.38987952536995,0,0,0,0,1,0,1,1
608,1,Theft,0,1,41.08207607269287,0.0,0.0,0.0,19.32554318402113,0.0,19.32554318402113,0,0,0,0,1,0,1,1
609,1,Theft,0,1,8.01931381225586,0.0,0.0,0.0,15.144257554516917,0.0,15.144257554516917,0,0,0,0,1,0,1,1
610,1,Theft,0,1,39.02167797088623,0.0,0.0,0.0,14.603048062999331,0.0,14.603048062999331,0,0,0,0,1,0,1,1
611,1,Theft,0,1,129.05374574661255,0.0,0.0,0.0,13.338152530383677,0.0,13.338152530383677,0,0,0,0,1,0,1,1
612,1,Theft,0,1,55.033164978027344,0.0,0.0,0.0,19.683480828293725,0.0,19.683480828293725,0,0,0,0,1,0,1,1
613,1,Theft,0,1,12.031471252441406,0.0,0.0,0.0,12.384846125912187,0.0,12.384846125912187,0,0,0,0,1,0,1,1
614,1,Theft,0,1,17.017483949661255,0.0,0.0,0.0,15.421075306595444,0.0,15.421075306595444,0,0,0,0,1,0,1,1
615,1,Theft,0,1,21.023650407791138,0.0,0.0,0.0,11.355989311925805,0.0,11.355989311925805,0,0,0,0,1,0,1,1
616,1,Theft,0,1,9.01124095916748,0.0,0.0,0.0,10.45343694923422,0.0,10.45343694923422,0,0,0,0,1,0,1,1
617,1,Theft,0,1,85.03957486152649,0.0,0.0,0.0,19.993618327232838,0.0,19.993618327232838,0,0,0,0,1,0,1,1
618,1,Theft,0,1,18.02962565422058,0.0,0.0,0.0,14.08905219381866,0.0,14.08905219381866,0,0,0,0,1,0,1,1
619,1,Theft,0,1,43.02684712409973,0.0,0.0,0.0,16.491951236503933,0.0,16.491951236503933,0,0,0,0,1,0,1,1
620,1,Theft,0,1,11.005916595458984,0.0,0.0,0.0,14.003954809414328,0.0,14.003954809414328,0,0,0,0,1,0,1,1
621,1,Theft,0,1,48.02466583251953,0.0,0.0,0.0,10.485864457504809,0.0,10.485864457504809,0,0,0,0,1,0,1,1
622,1,Theft,0,1,29.033031940460205,0.0,0.0,0.0,11.335437543917223,0.0,11.335437543917223,0,0,0,0,1,0,1,1
623,1,Theft,0,1,11.044531106948853,0.0,0.0,0.0,12.4806103786526,0.0,12.4806103786526,0,0,0,0,1,0,1,1
624,1,Theft,0,1,11.025308847427368,0.0,0.0,0.0,18.520037033575687,0.0,18.520037033575687,0,0,0,0,1,0,1,1
625,1,Theft,0,1,16.010632276535034,0.0,0.0,0.0,14.52010054679582,0.0,14.52010054679582,0,0,0,0,1,0,1,1
626,1,Theft,0,1,11.018717288970947,0.0,0.0,0.0,15.357350399782081,0.0,15.357350399782081,0,0,0,0,1,0,1,1
627,1,Theft,0,1,11.009334087371826,0.0,0.0,0.0,13.85718492468543,0.0,13.85718492468543,0,0,0,0,1,0,1,1
628,1,Theft,0,1,12.01585078239441,0.0,0.0,0.0,13.945297416113739,0.0,13.945297416113739,0,0,0,0,1,0,1,1
629,1,Theft,0,1,10.02285385131836,0.0,0.0,0.0,19.985425456212795,0.0,19.985425456212795,0,0,0,0,1,0,1,1
630,1,Theft,0,1,70.0303213596344,0.0,0.0,0.0,17.25068816336485,0.0,17.25068816336485,0,0,0,0,1,0,1,1
631,1,Theft,0,1,30.017428159713745,0.0,0.0,0.0,18.6437226927929,0.0,18.6437226927929,0,0,0,0,1,0,1,1
632,1,Theft,0,1,42.03213024139404,0.0,0.0,0.0,11.353181457485642,0.0,11.353181457485642,0,0,0,0,1,0,1,1
633,1,Theft,0,1,44.05445575714111,0.0,0.0,0.0,12.514980928046874,0.0,12.514980928046874,0,0,0,0,1,0,1,1
634,1,Theft,0,1,11.008718013763428,0.0,0.0,0.0,10.003651058422673,0.0,10.003651058422673,0,0,0,0,1,0,1,1
635,1,Theft,0,1,297.098046541214,0.0,0.0,0.0,11.137599068276469,0.0,11.137599068276469,0,0,0,0,1,0,1,1
636,1,Theft,0,1,9.05527663230896,0.0,0.0,0.0,10.921936035146043,0.0,10.921936035146043,0,0,0,0,1,0,1,1
637,1,Theft,0,1,19.02045726776123,0.0,0.0,0.0,19.55773115624912,0.0,19.55773115624912,0,0,0,0,1,0,1,1
638,1,Theft,0,1,20.01938271522522,0.0,0.0,0.0,12.057108137043851,0.0,12.057108137043851,0,0,0,0,1,0,1,1
639,1,Theft,0,1,60.026198863983154,0.0,0.0,0.0,12.37480226806106,0.0,12.37480226806106,0,0,0,0,1,0,1,1
640,1,Theft,0,1,82.0499222278595,0.0,0.0,0.0,19.601659351008816,0.0,19.601659351008816,0,0,0,0,1,0,1,1
641,1,Theft,0,1,42.02325463294983,0.0,0.0,0.0,10.086974379989936,0.0,10.086974379989936,0,0,0,0,1,0,1,1
642,1,Theft,0,1,20.043094635009766,0.0,0.0,0.0,17.52742702069199,0.0,17.52742702069199,0,0,0,0,1,0,1,1
643,1,Theft,0,1,22.033984184265137,0.0,0.0,0.0,10.219304697387003,0.0,10.219304697387003,0,0,0,0,1,0,1,1
644,1,Theft,0,1,32.030869007110596,0.0,0.0,0.0,16.16286455155181,0.0,16.16286455155181,0,0,0,0,1,0,1,1
645,1,Theft,0,1,9.040688037872314,0.0,0.0,0.0,10.315983986013805,0.0,10.315983986013805,0,0,0,0,1,0,1,1
646,1,Theft,0,1,8.03139328956604,0.0,0.0,0.0,12.845385602383988,0.0,12.845385602383988,0,0,0,0,1,0,1,1
647,1,Theft,0,1,18.016654014587402,0.0,0.0,0.0,13.530291073419013,0.0,13.530291073419013,0,0,0,0,1,0,1,1
648,1,Theft,0,1,49.02302885055542,0.0,0.0,0.0,11.81829696769545,0.0,11.81829696769545,0,0,0,0,1,0,1,1
649,1,Theft,0,1,103.0423321723938,0.0,0.0,0.0,18.091065753804628,0.0,18.091065753804628,0,0,0,0,1,0,1,1
650,1,Theft,0,1,19.03907322883606,0.0,0.0,0.0,12.592550850081492,0.0,12.592550850081492,0,0,0,0,1,0,1,1
651,1,Theft,0,1,9.013393640518188,0.0,0.0,0.0,11.39066405560097,0.0,11.39066405560097,0,0,0,0,1,0,1,1
652,1,Theft,0,1,9.017998695373535,0.0,0.0,0.0,10.018251254781045,0.0,10.018251254781045,0,0,0,0,1,0,1,1
653,1,Theft,0,1,54.04761576652527,0.0,0.0,0.0,17.721290131260613,0.0,17.721290131260613,0,0,0,0,1,0,1,1
654,1,Theft,0,1,19.01689052581787,0.0,0.0,0.0,16.431979785641076,0.0,16.431979785641076,0,0,0,0,1,0,1,1
655,1,Theft,0,1,32.017395973205566,0.0,0.0,0.0,12.233514757465704,0.0,12.233514757465704,0,0,0,0,1,0,1,1
656,1,Theft,0,1,75.03581380844116,0.0,0.0,0.0,12.838800915015552,0.0,12.838800915015552,0,0,0,0,1,0,1,1
657,1,Theft,0,1,33.02682280540466,0.0,0.0,0.0,12.9009878941303,0.0,12.9009878941303,0,0,0,0,1,0,1,1
658,1,Theft,0,1,31.01642155647278,0.0,0.0,0.0,11.529777136284988,0.0,11.529777136284988,0,0,0,0,1,0,1,1
659,1,Theft,0,1,10.103244304656982,0.0,0.0,0.0,17.480970644265096,0.0,17.480970644265096,0,0,0,0,1,0,1,1
660,1,Theft,0,1,33.031291246414185,0.0,0.0,0.0,12.633567687969698,0.0,12.633567687969698,0,0,0,0,1,0,1,1
661,1,Theft,0,1,23.0270037651062,0.0,0.0,0.0,11.520606174201484,0.0,11.520606174201484,0,0,0,0,1,0,1,1
662,1,Theft,0,1,50.030381202697754,0.0,0.0,0.0,13.212976030885624,0.0,13.212976030885624,0,0,0,0,1,0,1,1
663,1,Theft,0,1,19.01122760772705,0.0,0.0,0.0,14.743762476305093,0.0,14.743762476305093,0,0,0,0,1,0,1,1
664,1,Theft,0,1,20.023234605789185,0.0,0.0,0.0,11.214825296794027,0.0,11.214825296794027,0,0,0,0,1,0,1,1
665,1,Theft,0,1,75.07051706314087,0.0,0.0,0.0,19.9702789821784,0.0,19.9702789821784,0,0,0,0,1,0,1,1
666,1,Theft,0,1,49.07451009750366,0.0,0.0,0.0,13.365716994465394,0.0,13.365716994465394,0,0,0,0,1,0,1,1
667,1,Theft,0,1,21.046202421188354,0.0,0.0,0.0,18.764989644953687,0.0,18.764989644953687,0,0,0,0,1,0,1,1
668,1,Theft,0,1,21.013686180114746,0.0,0.0,0.0,13.777894501310975,0.0,13.777894501310975,0,0,0,0,1,0,1,1
669,1,Theft,0,1,34.0439338684082,0.0,0.0,0.0,19.18327765588959,0.0,19.18327765588959,0,0,0,0,1,0,1,1
670,1,Theft,0,1,8.01252007484436,0.0,0.0,0.0,16.469590524723916,0.0,16.469590524723916,0,0,0,0,1,0,1,1
671,1,Theft,0,1,70.04134750366211,0.0,0.0,0.0,12.918551780056227,0.0,12.918551780056227,0,0,0,0,1,0,1,1
672,1,Theft,0,1,39.0588653087616,0.0,0.0,0.0,18.206458144236585,0.0,18.206458144236585,0,0,0,0,1,0,1,1
673,1,Theft,0,1,39.058472871780396,0.0,0.0,0.0,12.89092051977509,0.0,12.89092051977509,0,0,0,0,1,0,1,1
674,1,Theft,0,1,23.036089658737183,0.0,0.0,0.0,10.551543422462176,0.0,10.551543422462176,0,0,0,0,1,0,1,1
675,1,Theft,0,1,12.014606475830078,0.0,0.0,0.0,19.893154556427493,0.0,19.893154556427493,0,0,0,0,1,0,1,1
676,1,Theft,0,1,53.02477025985718,0.0,0.0,0.0,11.774550122456551,0.0,11.774550122456551,0,0,0,0,1,0,1,1
677,1,Theft,0,1,28.034379720687866,0.0,0.0,0.0,14.213479260829292,0.0,14.213479260829292,0,0,0,0,1,0,1,1
678,1,Theft,0,1,181.1256685256958,0.0,0.0,0.0,14.67076362166353,0.0,14.67076362166353,0,0,0,0,1,0,1,1
679,1,Theft,0,1,49.04509115219116,0.0,0.0,0.0,18.759849452623772,0.0,18.759849452623772,0,0,0,0,1,0,1,1
680,1,Theft,0,1,8.04601788520813,0.0,0.0,0.0,18.96500893330606,0.0,18.96500893330606,0,0,0,0,1,0,1,1
681,1,Theft,0,1,9.019856452941895,0.0,0.0,0.0,17.663110661048663,0.0,17.663110661048663,0,0,0,0,1,0,1,1
682,1,Theft,0,1,97.05229544639587,0.0,0.0,0.0,16.287419642826237,0.0,16.287419642826237,0,0,0,0,1,0,1,1
683,1,Theft,0,1,230.09159517288208,0.0,0.0,0.0,10.448358002007767,0.0,10.448358002007767,0,0,0,0,1,0,1,1
684,1,Theft,0,1,40.01915407180786,0.0,0.0,0.0,13.238525636574792,0.0,13.238525636574792,0,0,0,0,1,0,1,1
685,1,Theft,0,1,38.03875756263733,0.0,0.0,0.0,18.69108502723084,0.0,18.69108502723084,0,0,0,0,1,0,1,1
686,1,Theft,0,1,32.07349371910095,0.0,0.0,0.0,10.403514846128322,0.0,10.403514846128322,0,0,0,0,1,0,1,1
687,1,Theft,0,1,29.045350313186646,0.0,0.0,0.0,19.44805988168963,0.0,19.44805988168963,0,0,0,0,1,0,1,1
688,1,Theft,0,1,23.035109519958496,0.0,0.0,0.0,16.929693029686455,0.0,16.929693029686455,0,0,0,0,1,0,1,1
689,1,Theft,0,1,18.01678228378296,0.0,0.0,0.0,18.544957180629723,0.0,18.544957180629723,0,0,0,0,1,0,1,1
690,1,Theft,0,1,23.012888431549072,0.0,0.0,0.0,15.898294171281027,0.0,15.898294171281027,0,0,0,0,1,0,1,1
691,1,Theft,0,1,66.05425930023193,0.0,0.0,0.0,18.47995760513298,0.0,18.47995760513298,0,0,0,0,1,0,1,1
692,1,Theft,0,1,43.035918951034546,0.0,0.0,0.0,12.31414023040541,0.0,12.31414023040541,0,0,0,0,1,0,1,1
693,1,Theft,0,1,52.046467781066895,0.0,0.0,0.0,18.935919920545317,0.0,18.935919920545317,0,0,0,0,1,0,1,1
694,1,Theft,0,1,93.03146743774414,0.0,0.0,0.0,13.051559556909794,0.0,13.051559556909794,0,0,0,0,1,0,1,1
695,1,Theft,0,1,43.015825033187866,0.0,0.0,0.0,15.527511281096354,0.0,15.527511281096354,0,0,0,0,1,0,1,1
696,1,Theft,0,1,10.013286828994751,0.0,0.0,0.0,18.151342987073324,0.0,18.151342987073324,0,0,0,0,1,0,1,1
697,1,Theft,0,1,22.025512218475342,0.0,0.0,0.0,11.653392661961252,0.0,11.653392661961252,0,0,0,0,1,0,1,1
698,1,Theft,0,1,9.005148649215698,0.0,0.0,0.0,13.762474039569351,0.0,13.762474039569351,0,0,0,0,1,0,1,1
699,1,Theft,0,1,11.018198251724243,0.0,0.0,0.0,10.565389606895414,0.0,10.565389606895414,0,0,0,0,1,0,1,1
700,1,Theft,0,1,12.085268259048462,0.0,0.0,0.0,11.206542894029063,0.0,11.206542894029063,0,0,0,0,1,0,1,1
701,1,Theft,0,1,42.037232875823975,0.0,0.0,0.0,15.823360195648544,0.0,15.823360195648544,0,0,0,0,1,0,1,1
702,1,Theft,0,1,10.026969194412231,0.0,0.0,0.0,15.829337232023567,0.0,15.829337232023567,0,0,0,0,1,0,1,1
703,1,Theft,0,1,33.02423930168152,0.0,0.0,0.0,18.574488814398528,0.0,18.574488814398528,0,0,0,0,1,0,1,1
704,1,Theft,0,1,164.05711579322815,0.0,0.0,0.0,16.2624076748466,0.0,16.2624076748466,0,0,0,0,1,0,1,1
705,1,Theft,0,1,91.04793047904968,0.0,0.0,0.0,12.521318720504855,0.0,12.521318720504855,0,0,0,0,1,0,1,1
706,1,Theft,0,1,73.0583643913269,0.0,0.0,0.0,10.458092990540672,0.0,10.458092990540672,0,0,0,0,1,0,1,1
707,1,Theft,0,1,97.0453953742981,0.0,0.0,0.0,10.717611798083876,0.0,10.717611798083876,0,0,0,0,1,0,1,1
708,1,Theft,0,1,10.030866146087646,0.0,0.0,0.0,14.120892342263613,0.0,14.120892342263613,0,0,0,0,1,0,1,1
709,1,Theft,0,1,29.04301118850708,0.0,0.0,0.0,11.277422773984462,0.0,11.277422773984462,0,0,0,0,1,0,1,1
710,1,Theft,0,1,12.041065692901611,0.0,0.0,0.0,16.881890085117288,0.0,16.881890085117288,0,0,0,0,1,0,1,1
711,1,Theft,0,1,18.008711338043213,0.0,0.0,0.0,12.882279247698394,0.0,12.882279247698394,0,0,0,0,1,0,1,1
712,1,Theft,0,1,11.01168155670166,0.0,0.0,0.0,14.476862326073567,0.0,14.476862326073567,0,0,0,0,1,0,1,1
713,1,Theft,0,1,18.03222894668579,0.0,0.0,0.0,18.523165993560905,0.0,18.523165993560905,0,0,0,0,1,0,1,1
714,1,Theft,0,1,9.019201755523682,0.0,0.0,0.0,11.211792077107255,0.0,11.211792077107255,0,0,0,0,1,0,1,1
715,1,Theft,0,1,9.011851787567139,0.0,0.0,0.0,17.244545213917192,0.0,17.244545213917192,0,0,0,0,1,0,1,1
716,1,Theft,0,1,54.02871060371399,0.0,0.0,0.0,19.197306402532597,0.0,19.197306402532597,0,0,0,0,1,0,1,1
717,1,Theft,0,1,10.011808633804321,0.0,0.0,0.0,13.3461697628039,0.0,13.3461697628039,0,0,0,0,1,0,1,1
718,1,Theft,0,1,32.014657735824585,0.0,0.0,0.0,12.66047801272552,0.0,12.66047801272552,0,0,0,0,1,0,1,1
