block_index,num_transactions,nonce,time_since_last_block,miner_id,total_amount_transacted,avg_amount_transacted,std_dev_amount,total_energy_transacted,unique_senders,unique_recipients,energy_payment_count,energy_delivery_count
1,2,292,110.01259160041809,GRID-OP-01,0.371805090024619,0.1859025450123095,0.0,0.9164081311164509,2,2,1,1
2,12,70,10.007434844970703,GRID-OP-01,2.5052638508608904,0.20877198757174087,0.20754680309976462,6.0435915527037105,5,7,6,6
3,18,630,5.009157180786133,GRID-OP-01,4.474749750159256,0.24859720834218088,0.16484486165287648,10.893261654667022,7,10,9,9
4,18,58,5.032720565795898,GRID-OP-01,4.558615246625213,0.25325640259028964,0.1684388808011651,11.132254117998523,6,10,9,9
5,14,5,5.008072376251221,GRID-OP-01,4.2692658601649605,0.30494756144035434,0.24811650718338962,10.42130440954894,4,7,7,7
6,16,633,5.0052008628845215,GRID-OP-01,4.007181742018886,0.2504488588761804,0.1736646090437023,9.793728347735305,5,9,8,8
7,40,152,5.034351348876953,GRID-OP-01,8.216677360918267,0.20541693402295666,0.11329759243723078,20.17248539698975,10,18,20,20
8,28,147,5.023474216461182,GRID-OP-01,7.925690079591525,0.2830603599854116,0.17492849317104428,19.41719114283836,6,14,14,14
9,32,421,5.020781517028809,GRID-OP-01,6.691413994964669,0.2091066873426459,0.10510050777143631,16.35790881582855,8,15,16,16
10,16,135,5.03680157661438,GRID-OP-01,3.2359158421949523,0.20224474013718452,0.114809961460043,7.910673576745344,4,9,8,8
11,20,98,5.012649059295654,GRID-OP-01,3.806834378301393,0.19034171891506965,0.12853762893690387,9.355719388331988,4,10,10,10
12,26,58,5.011505126953125,GRID-OP-01,4.42271840403065,0.17010455400117885,0.10443217746929451,10.745615614746265,6,13,13,13
13,20,1,5.008136749267578,GRID-OP-01,2.651929358553858,0.13259646792769292,0.07136423185103768,6.48862635871807,4,11,10,10
14,12,26,5.0114195346832275,GRID-OP-01,1.068370644556031,0.08903088704633592,0.04179248331280355,2.6251626265054377,2,7,6,6
15,6,13,165.01001501083374,GRID-OP-01,0.8396267987066751,0.13993779978444584,0.10920896028748787,2.0554090759480346,3,4,3,3
16,4,342,5.005260229110718,GRID-OP-01,1.117572168426794,0.2793930421066985,0.035195205160863,2.7006945869384698,2,3,2,2
17,14,180,5.011874437332153,GRID-OP-01,3.3037886544473474,0.23598490388909624,0.12986741801200716,8.096432149798632,4,7,7,7
18,14,24,5.012197256088257,GRID-OP-01,3.961660266332556,0.2829757333094683,0.19342862762957655,9.661425850311618,5,8,7,7
19,22,380,5.011084794998169,GRID-OP-01,4.401661789600723,0.20007553589094196,0.11351867697623158,10.756716584742705,7,11,11,11
20,18,223,5.025544166564941,GRID-OP-01,4.278956111970761,0.2377197839983756,0.1001373475628808,10.535529903259423,6,10,9,9
21,28,272,5.0156028270721436,GRID-OP-01,6.923939130927049,0.24728354039025174,0.15925492576913725,16.959262568787977,9,15,14,14
22,42,105,5.024405241012573,GRID-OP-01,8.524549069814535,0.2029654540432032,0.11338887214874006,20.75960649184646,12,19,21,21
23,22,116,5.0143883228302,GRID-OP-01,5.139397611549727,0.2336089823431694,0.15738943629558624,12.638836793372098,6,11,11,11
24,32,80,5.010293006896973,GRID-OP-01,6.213376400755826,0.19416801252361957,0.11657467574526584,15.113832310203348,8,15,16,16
25,38,120,5.013981103897095,GRID-OP-01,5.780107610306235,0.1521080950080588,0.11959223597411851,14.05127243247532,9,16,19,19
26,22,66,5.015557527542114,GRID-OP-01,5.186128373680303,0.23573310789455923,0.1354692424382299,12.764337418521345,7,12,11,11
27,22,54,5.011721134185791,GRID-OP-01,5.67015866049007,0.25773448456773046,0.10669330667857038,13.72040667141517,4,12,11,11
28,28,1448,5.009322881698608,GRID-OP-01,3.637523098429068,0.12991153922960957,0.08602389506101553,8.905119186156034,7,14,14,14
29,22,128,5.093548536300659,GRID-OP-01,2.2526613315067054,0.10239369688666843,0.07850768741604339,5.474179035037073,3,10,11,11
30,16,142,5.015064477920532,GRID-OP-01,1.619320163704569,0.10120751023153557,0.06770944027873853,3.9829587908991133,2,9,8,8
31,4,230,165.0137836933136,GRID-OP-01,0.5179968725321294,0.12949921813303236,0.06086210191237743,1.2606936686581058,2,3,2,2
32,4,95,5.007198810577393,GRID-OP-01,1.2430412055418225,0.31076030138545563,0.07533812411182639,2.976838518694833,2,3,2,2
33,16,233,5.007909297943115,GRID-OP-01,2.5175234869911725,0.15734521793694828,0.15319507073986904,6.151220376596334,6,9,8,8
34,22,239,5.012881517410278,GRID-OP-01,4.393697110344392,0.19971350501565419,0.10400775518198327,10.601344194833242,9,12,11,11
35,18,135,5.01883864402771,GRID-OP-01,3.4314879598980204,0.19063821999433447,0.10644887342894822,8.32807843405827,6,9,9,9
36,32,529,5.011468172073364,GRID-OP-01,7.440591082158349,0.2325184713174484,0.1313140015466533,18.147021316029285,9,15,16,16
37,26,90,5.04071044921875,GRID-OP-01,5.170548807507665,0.1988672618272179,0.11294721884896619,12.676856244912987,9,13,13,13
38,24,180,5.015657663345337,GRID-OP-01,6.832109484931976,0.28467122853883237,0.18193895873203858,16.771596339739183,7,13,12,12
39,36,88,5.014942646026611,GRID-OP-01,7.785299150924469,0.21625830974790192,0.11528276111986918,18.96429978888622,11,18,18,18
40,26,142,5.014168977737427,GRID-OP-01,4.179372378346003,0.16074509147484628,0.08746528915196757,10.239526748032045,7,12,13,13
41,36,26,5.013614654541016,GRID-OP-01,6.448655118981905,0.17912930886060846,0.1006653634633712,15.664519601046258,10,17,18,18
42,28,6,5.012995481491089,GRID-OP-01,4.763983186164976,0.17014225664874916,0.09391887582352035,11.698624851697955,8,15,14,14
43,24,130,5.008298873901367,GRID-OP-01,3.8518210498404977,0.16049254374335406,0.07695636245028432,9.364396414173132,7,13,12,12
44,28,150,5.017467498779297,GRID-OP-01,3.7347134288678094,0.13338262245956461,0.07583230618859987,9.150220448178002,7,15,14,14
45,14,78,5.015676736831665,GRID-OP-01,1.7620905775528592,0.12586361268234708,0.09972844286288607,4.276629006895536,3,8,7,7
46,20,448,5.009205102920532,GRID-OP-01,1.5887070725614418,0.0794353536280721,0.049164910854238145,3.9167819045512853,4,11,10,10
47,4,242,165.03047680854797,GRID-OP-01,0.7479089289139822,0.18697723222849555,0.027520805159207296,1.836366074167027,2,3,2,2
48,12,627,5.0102012157440186,GRID-OP-01,1.970008194567321,0.16416734954727674,0.07937381655394937,4.82114739150873,3,5,6,6
49,22,104,5.026333570480347,GRID-OP-01,4.0713615074236325,0.1850618867010742,0.1488097970564314,10.074658197249226,7,11,11,11
50,16,346,5.011606693267822,GRID-OP-01,3.340046683059172,0.20875291769119825,0.15142024656899183,8.21573591456836,5,8,8,8
51,16,184,5.0202953815460205,GRID-OP-01,4.672157874946933,0.2920098671841833,0.2243446051166568,11.280741826065434,5,8,8,8
52,24,960,5.013233423233032,GRID-OP-01,4.102127839606623,0.1709219933169426,0.09599255602043767,10.027257855276368,7,11,12,12
53,28,415,5.05625057220459,GRID-OP-01,8.64575548330298,0.308776981546535,0.25193427668559426,21.049049373140672,8,14,14,14
54,30,140,5.0348803997039795,GRID-OP-01,5.338423176073893,0.1779474392024631,0.10801095032005165,13.073600483860073,9,14,15,15
55,28,61,5.015521287918091,GRID-OP-01,6.029986123273222,0.21535664725975792,0.12608410527881556,14.732766652469403,8,13,14,14
56,36,294,5.015592813491821,GRID-OP-01,7.491153752746349,0.20808760424295414,0.10642237822770684,18.340887047534533,10,18,18,18
57,24,94,5.02915096282959,GRID-OP-01,5.33625362979818,0.22234390124159084,0.15152871400205156,13.031738910138374,8,14,12,12
58,24,44,5.0136871337890625,GRID-OP-01,5.429268050000696,0.2262195020833623,0.1498900477276221,13.197269992671252,6,12,12,12
59,22,106,5.010097980499268,GRID-OP-01,4.457836285076799,0.20262892204894542,0.09962794829375862,10.925409002792748,3,11,11,11
60,22,187,5.01283860206604,GRID-OP-01,3.519591338179056,0.15998142446268437,0.07911151489243645,8.572026642772128,5,12,11,11
61,26,62,5.018528938293457,GRID-OP-01,2.6677439224933273,0.10260553548051259,0.06218829226903692,6.51506548394987,7,15,13,13
62,14,441,5.01230788230896,GRID-OP-01,0.5997944292603044,0.04284245923287888,0.02434338241505241,1.4397954654715361,3,7,7,7
63,2,57,160.02269744873047,GRID-OP-01,0.21953467476459398,0.10976733738229699,0.0,0.5422211310853249,2,2,1,1
64,4,197,5.005082130432129,GRID-OP-01,0.45851936868843335,0.11462984217210834,0.06746786414878209,1.1314794597549511,2,3,2,2
65,8,175,5.0093584060668945,GRID-OP-01,1.857747650494033,0.2322184563117541,0.07906559473890462,4.528299883760262,4,5,4,4
66,18,230,5.012965202331543,GRID-OP-01,4.150798533399425,0.23059991852219028,0.11260312255572907,10.11269564750544,5,9,9,9
67,20,963,5.015894412994385,GRID-OP-01,4.306771918406138,0.2153385959203069,0.13252997104513592,10.521981688509735,6,9,10,10
68,22,172,5.049316644668579,GRID-OP-01,5.555354573260625,0.25251611696639203,0.20764103500960432,13.574936758987763,5,11,11,11
69,20,397,5.018301963806152,GRID-OP-01,5.483457505080147,0.27417287525400735,0.17155782913493126,13.367172784457132,6,10,10,10
70,26,405,5.026523590087891,GRID-OP-01,6.666403392354901,0.2564001304751885,0.15255798388450068,16.175375529134698,8,12,13,13
71,34,349,5.03057861328125,GRID-OP-01,7.598343097172997,0.22348067932861754,0.15464536724338038,18.51446112183643,10,17,17,17
72,28,350,5.034707069396973,GRID-OP-01,6.505003502700161,0.2323215536678629,0.16609141152402135,15.846660448560012,7,13,14,14
73,18,191,5.027226448059082,GRID-OP-01,2.8218212978183423,0.1567678498787968,0.09897575714100772,6.86886581643703,6,10,9,9
74,34,369,5.018749237060547,GRID-OP-01,6.718060761915364,0.19759002240927542,0.0902405042412751,16.399436138265454,9,16,17,17
75,26,26,5.034183025360107,GRID-OP-01,5.048328563767167,0.19416648322181412,0.09211691471714828,12.327665690629788,8,14,13,13
76,26,234,5.013014316558838,GRID-OP-01,4.288948360167916,0.16495955231415063,0.08873770071924462,10.565947194599984,7,13,13,13
77,28,1045,5.026683330535889,GRID-OP-01,3.6577574428567248,0.13063419438774018,0.06432180517998168,8.992012256264166,6,14,14,14
78,22,334,5.071556806564331,GRID-OP-01,2.0842462790571634,0.09473846722987106,0.07216140428214596,5.058178027905953,5,11,11,11
79,18,179,5.024362087249756,GRID-OP-01,1.220380003905603,0.06779888910586683,0.04414530684274921,2.9829109145789667,4,10,9,9
80,6,24,165.02065896987915,GRID-OP-01,0.8451072949781803,0.1408512158296967,0.11458691323863666,2.0292691017845836,3,4,3,3
81,6,13,5.0099499225616455,GRID-OP-01,1.7226950645300478,0.2871158440883413,0.0661444786678987,4.237941762450207,3,4,3,3
82,10,144,5.008051156997681,GRID-OP-01,1.3807451414094816,0.13807451414094815,0.09264909859787283,3.3400959592579524,3,5,5,5
83,20,95,5.011513948440552,GRID-OP-01,3.3316981235770724,0.16658490617885363,0.06723795305834815,8.16436149995618,7,10,10,10
84,30,143,5.012566089630127,GRID-OP-01,4.478796319089977,0.14929321063633255,0.09365144504442238,10.865027099488747,9,13,15,15
85,24,346,5.023177862167358,GRID-OP-01,3.7630888770684434,0.1567953698778518,0.0897494778716393,9.233983865452524,9,12,12,12
86,28,661,5.025305509567261,GRID-OP-01,3.07106273050538,0.10968081180376357,0.07217528547452108,7.545066380770497,10,14,14,14
87,38,1101,5.048577070236206,GRID-OP-01,5.08493900966882,0.13381418446496895,0.08966515232252256,12.325333939727523,10,16,19,19
88,24,227,5.091906309127808,GRID-OP-01,4.056136661603465,0.1690056942334777,0.06142775759287714,9.948051948165423,9,13,12,12
89,34,442,5.030438423156738,GRID-OP-01,5.21557061290801,0.153399135673765,0.09669270855251633,12.764977921677266,10,16,17,17
90,22,717,5.045702219009399,GRID-OP-01,4.359072012276156,0.19813963692164346,0.13979887601507923,10.549763270251105,6,12,11,11
91,24,125,5.0564305782318115,GRID-OP-01,4.08447367283141,0.17018640303464208,0.12841420414078059,10.013327505717552,7,13,12,12
92,14,173,5.0144524574279785,GRID-OP-01,3.0428336709689545,0.21734526221206818,0.10035983709200187,7.488281413553871,3,8,7,7
93,18,297,5.012728691101074,GRID-OP-01,1.3448829634524948,0.07471572019180527,0.06288488803131032,3.2724260126011195,5,9,9,9
94,18,164,5.0198516845703125,GRID-OP-01,1.2579896039391647,0.0698883113299536,0.058433533147177925,3.0771669382492646,4,9,9,9
95,6,420,5.015359163284302,GRID-OP-01,0.27118846225279514,0.04519807704213252,0.02857097201755502,0.6514255127462865,3,4,3,3
96,2,0,160.0151171684265,GRID-OP-01,0.1397338441351878,0.0698669220675939,0.0,0.3446198068955413,2,2,1,1
97,10,5,5.007810831069946,GRID-OP-01,1.3135476877361694,0.13135476877361693,0.05469162437448511,3.18748286853059,4,5,5,5
98,14,206,5.009717702865601,GRID-OP-01,2.2394262127831785,0.15995901519879846,0.11122246566196717,5.389170575437284,4,6,7,7
99,20,261,5.013089895248413,GRID-OP-01,2.4488579501501753,0.12244289750750877,0.09586147047948701,6.060799884773526,7,9,10,10
100,16,345,5.018330812454224,GRID-OP-01,2.4380650967534496,0.1523790685470906,0.083574040926267,5.970825079583235,8,9,8,8
101,34,56,5.022542953491211,GRID-OP-01,4.885421890463926,0.14368887913129194,0.06760954673802794,11.884258777836912,9,13,17,17
102,32,513,5.013526439666748,GRID-OP-01,4.810449164123301,0.15032653637885315,0.09258374627029908,11.754545237417785,12,15,16,16
103,20,1224,5.047190189361572,GRID-OP-01,3.630221123360386,0.1815110561680193,0.11151427859144822,8.976577079624981,7,11,10,10
104,32,223,5.064900159835815,GRID-OP-01,4.115060165975644,0.12859563018673886,0.07089499222681794,10.1220661970546,11,15,16,16
105,48,400,5.026950836181641,GRID-OP-01,6.531028879451899,0.1360631016552479,0.10856028203254571,15.972471372358143,14,21,24,24
106,30,286,5.051840305328369,GRID-OP-01,3.9656270097195683,0.1321875669906523,0.11418746235742368,9.642027542510167,9,15,15,15
107,28,98,5.028790235519409,GRID-OP-01,4.428407340967731,0.15815740503456183,0.0809806420466467,10.814253002179761,10,16,14,14
108,24,241,5.014532089233398,GRID-OP-01,3.16761179114273,0.13198382463094707,0.08519932363582193,7.722692809364494,7,12,12,12
109,20,285,5.020432233810425,GRID-OP-01,2.654492991550698,0.13272464957753488,0.07947938813252989,6.444860492800819,4,10,10,10
110,24,139,5.022488594055176,GRID-OP-01,2.2274794951864263,0.09281164563276777,0.07092923777152181,5.364404152463205,7,12,12,12
111,8,264,5.01516056060791,GRID-OP-01,0.4493545112796131,0.05616931390995164,0.03093404672497963,1.0955223548385251,2,5,4,4
112,2,72,5.011613130569458,GRID-OP-01,0.1785138852043552,0.0892569426021776,0.0,0.4424207010128151,2,2,1,1
113,2,242,160.01005697250366,GRID-OP-01,0.8359084758001568,0.4179542379000784,0.0,2.088992083703754,2,2,1,1
114,4,162,5.009368896484375,GRID-OP-01,0.33828490171748543,0.08457122542937136,0.008937897636012736,0.825609091913833,3,3,2,2
115,22,20,5.012013912200928,GRID-OP-01,2.8569465614134972,0.12986120733697715,0.07869053463980265,6.923880339212228,8,11,11,11
116,20,135,5.009929895401001,GRID-OP-01,3.8148243780989817,0.19074121890494908,0.14066986976134366,9.19488170992417,6,10,10,10
117,10,484,5.012120485305786,GRID-OP-01,2.2463044207825202,0.22463044207825203,0.22132038628616463,5.518697518970634,5,6,5,5
118,26,64,5.022595643997192,GRID-OP-01,6.3628551612574205,0.2447251985099008,0.16373221892363418,15.582815214031097,7,12,13,13
119,24,46,5.0136518478393555,GRID-OP-01,5.142207340863122,0.21425863920263008,0.06359247610226984,12.456823682448722,7,11,12,12
120,26,338,5.012360334396362,GRID-OP-01,5.917717066461849,0.22760450255622497,0.19391232063050293,14.47294473701906,8,12,13,13
121,34,200,5.032738924026489,GRID-OP-01,6.504782356454316,0.19131712813100932,0.12858113485205716,15.86480569285568,9,15,17,17
122,30,469,5.027489900588989,GRID-OP-01,5.991985748634788,0.19973285828782625,0.12684926289420345,14.66364337651297,10,16,15,15
123,30,1564,5.040552616119385,GRID-OP-01,5.979893558998919,0.19932978529996395,0.12029020143912834,14.51641749875367,9,15,15,15
124,28,329,5.108173847198486,GRID-OP-01,6.46865770352364,0.23102348941155856,0.1414429315704177,15.706502256471776,7,14,14,14
125,22,123,5.030191659927368,GRID-OP-01,3.7724949361430307,0.17147704255195595,0.14284072615445778,9.21068175956186,5,10,11,11
126,28,60,5.016251564025879,GRID-OP-01,4.910553795203406,0.1753769212572645,0.13367803674959544,11.960432243025704,7,14,14,14
127,22,121,5.016337633132935,GRID-OP-01,2.5672861906081925,0.11669482684582694,0.07087059415588962,6.308565661744256,6,12,11,11
128,22,116,5.017419099807739,GRID-OP-01,1.630826396074606,0.07412847254884573,0.06521739452354132,4.026729683176794,6,12,11,11
129,6,45,5.0137786865234375,GRID-OP-01,0.41744457249857236,0.06957409541642873,0.04130086470012908,1.0099476488501171,2,4,3,3
130,8,362,165.01361298561096,GRID-OP-01,1.730029148973086,0.21625364362163574,0.18297721547529353,4.318471797390586,4,5,4,4
131,10,47,5.018436431884766,GRID-OP-01,2.022299972231473,0.2022299972231473,0.18639463484431557,4.962086534766881,4,6,5,5
132,16,32,5.009539604187012,GRID-OP-01,3.7897059057151887,0.2368566191071993,0.1030232067327095,9.153682635537766,4,7,8,8
133,22,58,5.011773586273193,GRID-OP-01,5.220446168583762,0.23729300766289826,0.17996480048504865,12.685206277378034,7,11,11,11
134,26,156,5.012812376022339,GRID-OP-01,5.915609643413961,0.2275234478236139,0.13827650992771753,14.387243978143353,9,14,13,13
135,26,958,5.018146514892578,GRID-OP-01,5.150427808866752,0.19809337726410584,0.11135749567888335,12.55959961517338,8,13,13,13
136,32,41,5.062067747116089,GRID-OP-01,6.871328382911159,0.21472901196597372,0.15130575807903754,16.8886856043022,9,14,16,16
137,26,247,5.011838674545288,GRID-OP-01,5.52241036423687,0.212400398624495,0.09775158561246763,13.573055197462258,9,13,13,13
138,40,108,5.024548292160034,GRID-OP-01,7.833708775422402,0.19584271938556005,0.1303510965072693,19.067579320148905,12,19,20,20
139,28,195,5.019953727722168,GRID-OP-01,6.825491888300689,0.24376756743931033,0.14630176458441235,16.67758083892679,7,14,14,14
140,20,77,5.020677328109741,GRID-OP-01,5.382022144904939,0.26910110724524694,0.1670317212579358,13.067852411528776,4,9,10,10
141,16,99,5.012892484664917,GRID-OP-01,4.36708871710897,0.27294304481931064,0.11867857462028812,10.646980813552316,3,8,8,8
142,28,97,5.016256093978882,GRID-OP-01,4.051964280807711,0.14471301002884682,0.12353576113718259,9.887458045854011,6,13,14,14
143,16,167,5.015984773635864,GRID-OP-01,2.702595120808579,0.1689121950505362,0.08392105559022132,6.51370972311495,4,9,8,8
144,30,172,5.017453908920288,GRID-OP-01,2.4294124145803213,0.08098041381934404,0.05609879131468605,5.925056995827437,5,14,15,15
145,4,151,5.018433094024658,GRID-OP-01,0.2998170229785654,0.07495425574464135,0.03975274862880674,0.7435843896172486,2,3,2,2
146,4,162,165.0106008052826,GRID-OP-01,1.2707302103922293,0.31768255259805733,0.07183162726900223,3.1074568599839836,2,3,2,2
147,6,76,5.008979320526123,GRID-OP-01,1.9527423291222712,0.32545705485371185,0.1905540118368603,4.798406375095656,2,4,3,3
148,26,257,5.010422468185425,GRID-OP-01,4.806468798091911,0.1848641845419966,0.10083186066899191,11.713232715526821,8,11,13,13
149,16,362,5.026777505874634,GRID-OP-01,4.079320079153955,0.25495750494712216,0.15915134421079044,9.978141669049272,5,9,8,8
150,12,244,5.020657777786255,GRID-OP-01,2.609017554666606,0.2174181295555505,0.12290130576103288,6.343064065860192,5,7,6,6
151,38,36,5.0190675258636475,GRID-OP-01,8.053696112974581,0.21193937139406793,0.15199986642999203,19.656378416446913,10,17,19,19
152,22,365,5.0144569873809814,GRID-OP-01,6.394360446024235,0.2906527475465561,0.2333358832583107,15.723665900986513,6,11,11,11
153,20,245,5.02725625038147,GRID-OP-01,5.730130777635022,0.2865065388817511,0.21829505977168348,14.112517535901665,6,10,10,10
154,28,212,5.023236036300659,GRID-OP-01,7.201129122837828,0.25718318295849385,0.1591947588407814,17.513512462668167,7,13,14,14
155,34,334,5.025286912918091,GRID-OP-01,6.157420766497328,0.18110061077933318,0.08422811470491387,15.068793740300755,9,16,17,17
156,28,115,5.035854339599609,GRID-OP-01,4.902720771707702,0.1750971704181322,0.11249299162155907,11.958349949060018,5,13,14,14
157,28,201,5.017277956008911,GRID-OP-01,4.8495699134736405,0.17319892548120144,0.11064592820982726,11.853660986947887,9,14,14,14
158,36,168,5.025418519973755,GRID-OP-01,4.708927841478547,0.13080355115218187,0.0789391649215706,11.443497253700166,9,17,18,18
159,22,454,5.03087306022644,GRID-OP-01,2.25372461497002,0.10244202795318272,0.05845822758896194,5.523404666728882,6,12,11,11
160,20,485,5.034649610519409,GRID-OP-01,1.9705474173319912,0.09852737086659956,0.0577252117257447,4.794059887008053,4,11,10,10
161,6,45,5.029885292053223,GRID-OP-01,0.2546354292418537,0.042439238206975614,0.008612532471721779,0.617087490827499,3,4,3,3
162,12,995,165.01155853271484,GRID-OP-01,2.1639173933902076,0.18032644944918397,0.09922265112465811,5.299685573670605,5,7,6,6
163,8,820,5.034337282180786,GRID-OP-01,0.9959551964573334,0.12449439955716668,0.1086491348865809,2.4266540546481523,4,5,4,4
164,18,30,5.027271509170532,GRID-OP-01,4.406291036603189,0.24479394647795497,0.20229561606002294,10.758888010990837,7,10,9,9
165,24,14,5.012694835662842,GRID-OP-01,4.996429465744117,0.20818456107267155,0.1133032021903812,12.112555240395702,9,13,12,12
166,20,407,5.01254415512085,GRID-OP-01,6.410145979773861,0.32050729898869307,0.18157121994481035,15.454974437329396,6,11,10,10
167,32,107,5.029253005981445,GRID-OP-01,4.834143269854571,0.15106697718295534,0.10858041178488224,11.882056046837281,9,15,16,16
168,24,107,5.021122455596924,GRID-OP-01,6.814037831732874,0.28391824298886975,0.16079167810703285,16.577148170857026,6,12,12,12
169,22,573,5.015699625015259,GRID-OP-01,5.075472143549162,0.23070327925223466,0.19847899313999293,12.379257252259187,8,12,11,11
170,26,22,5.03759765625,GRID-OP-01,6.918400587249971,0.26609233027884505,0.18647574061462285,16.999839455912056,8,13,13,13
171,28,205,5.0152387619018555,GRID-OP-01,5.776434647925053,0.20630123742589476,0.12241740784894775,13.99671421429648,7,14,14,14
172,34,670,5.0256125926971436,GRID-OP-01,6.820607343297116,0.2006060983322681,0.09033189524821456,16.69237586689491,7,16,17,17
173,22,454,5.061025381088257,GRID-OP-01,4.118125040149652,0.18718750182498417,0.08385219528759562,10.097733772960678,4,10,11,11
174,34,125,5.035003900527954,GRID-OP-01,4.8701017625255565,0.1432382871331046,0.08598642858140504,11.848556572955722,7,15,17,17
175,18,196,5.021841764450073,GRID-OP-01,2.7816013729767928,0.15453340960982181,0.08997064983983595,6.803710496740776,3,10,9,9
176,18,303,5.0197227001190186,GRID-OP-01,1.7646878616430397,0.09803821453572442,0.03636251790319457,4.3301359334993865,3,10,9,9
177,6,26,5.018832445144653,GRID-OP-01,0.2521020098416775,0.042017001640279585,0.008452769572787046,0.5689310331037383,2,4,3,3
178,2,52,160.01050853729248,GRID-OP-01,0.4426307358159224,0.2213153679079612,0.0,1.0739360471416184,2,2,1,1
179,4,462,5.007511377334595,GRID-OP-01,0.7748933384829607,0.19372333462074018,0.12351348115353242,1.8949794925725825,3,3,2,2
180,16,33,5.018236398696899,GRID-OP-01,3.4197078972295323,0.21373174357684577,0.2068620241222603,8.374086269837878,5,8,8,8
181,16,1019,5.010801792144775,GRID-OP-01,3.9935354537739896,0.24959596586087435,0.1399981820648921,9.83018745490407,5,8,8,8
182,8,228,5.044177055358887,GRID-OP-01,2.402228172532228,0.3002785215665285,0.15110292162397895,5.8567664437291125,3,5,4,4
183,16,234,5.014959335327148,GRID-OP-01,4.8460900992013745,0.3028806312000859,0.21373705284875424,11.756689806615508,5,9,8,8
184,32,10,5.023556232452393,GRID-OP-01,6.911121997558393,0.21597256242369978,0.13934442957288354,16.72561761306165,9,15,16,16
185,36,678,5.014953374862671,GRID-OP-01,8.74894083231935,0.24302613423109307,0.210586343188232,21.370615601091643,8,14,18,18
186,22,415,5.059174060821533,GRID-OP-01,4.617541858040248,0.20988826627455673,0.12252865870311348,11.42644830890047,6,10,11,11
187,26,125,5.0318684577941895,GRID-OP-01,6.716834721211128,0.25833979696965875,0.11368793372060852,16.363901406715975,7,13,13,13
188,30,147,5.020007610321045,GRID-OP-01,6.251394935709837,0.2083798311903279,0.12204645024952822,15.21979123464672,8,15,15,15
189,30,115,5.0202460289001465,GRID-OP-01,4.460045249429475,0.1486681749809825,0.06549109435003544,10.929363181288812,9,14,15,15
190,34,88,5.023196458816528,GRID-OP-01,6.991540761571055,0.20563355181091336,0.11721385273675218,17.10241444785601,8,17,17,17
191,20,40,5.021009206771851,GRID-OP-01,2.9213075726664477,0.1460653786333224,0.10117073133018457,7.134041536952498,4,10,10,10
192,30,278,5.0165064334869385,GRID-OP-01,3.851045757866162,0.12836819192887206,0.07574193598375858,9.413492824085452,5,14,15,15
193,18,375,5.028801918029785,GRID-OP-01,0.9444612075461034,0.052470067085894634,0.03323624041012515,2.3243944032825214,4,10,9,9
194,2,115,5.022761344909668,GRID-OP-01,0.11698531938083735,0.058492659690418676,0.0,0.29115415049800797,2,2,1,1
195,2,93,160.01302981376648,GRID-OP-01,0.09625648055882828,0.04812824027941414,0.0,0.23363029073823927,2,2,1,1
196,16,486,5.0092222690582275,GRID-OP-01,2.1081932013326323,0.13176207508328952,0.10918536067373291,5.224071878662029,7,9,8,8
197,20,77,10.035740613937378,GRID-OP-01,4.364030531303939,0.21820152656519695,0.25739277232762703,10.772014698695823,6,10,10,10
198,30,115,5.015888214111328,GRID-OP-01,4.797565589826793,0.15991885299422645,0.08794892601563845,11.683739842196607,9,13,15,15
199,12,189,5.017960071563721,GRID-OP-01,2.3727526273773236,0.19772938561477696,0.18388928066132115,5.806765241271195,4,6,6,6
200,32,92,5.016124963760376,GRID-OP-01,4.923480936166934,0.15385877925521668,0.09661641395376976,12.160796829227426,10,14,16,16
201,24,176,5.01799464225769,GRID-OP-01,4.286835381082859,0.17861814087845249,0.1593381092575407,10.426226008055599,9,12,12,12
202,42,18,5.023367166519165,GRID-OP-01,6.653976280847734,0.1584280066868508,0.1150409038741296,16.128146138008237,13,20,21,21
203,24,495,5.016143321990967,GRID-OP-01,4.890020643740259,0.20375086015584412,0.11753177092715152,11.95963683119531,6,12,12,12
204,32,89,5.038548231124878,GRID-OP-01,3.677632328729664,0.114926010272802,0.08560870187621035,8.884909773704853,10,16,16,16
205,22,143,5.019372463226318,GRID-OP-01,3.4139834966526323,0.1551810680296651,0.09773064216804753,8.277735342541009,6,11,11,11
206,26,730,5.020340919494629,GRID-OP-01,3.722137131238077,0.14315912043223372,0.06649441324458659,9.056507935751013,7,12,13,13
207,18,651,5.054655075073242,GRID-OP-01,2.028214557325323,0.1126785865180735,0.07757656311175387,5.019087161651576,6,10,9,9
208,14,250,5.037735223770142,GRID-OP-01,1.2281960127965854,0.08772828662832753,0.0343815063306987,3.0304810332141043,4,8,7,7
209,10,143,5.0202414989471436,GRID-OP-01,0.8430441586896051,0.08430441586896051,0.041317476519942116,2.07039120856445,2,6,5,5
210,2,35,165.01454830169678,GRID-OP-01,0.07308862647667552,0.03654431323833776,0.0,0.1771831665115844,2,2,1,1
211,14,915,5.011663198471069,GRID-OP-01,1.696803532651577,0.1212002523322555,0.04151608652321447,4.226233014012999,5,7,7,7
212,12,3,5.03489351272583,GRID-OP-01,1.8719049509958237,0.15599207924965197,0.09269230774170428,4.557772073977735,6,7,6,6
213,20,594,5.010846853256226,GRID-OP-01,2.9262327732451694,0.14631163866225846,0.09356240059394255,7.2552586414390685,5,8,10,10
214,10,325,5.034782409667969,GRID-OP-01,1.5919366556993446,0.15919366556993447,0.1092138990857792,3.875817734616062,5,6,5,5
215,44,502,5.023754596710205,GRID-OP-01,5.5183809056802655,0.12541774785636967,0.09002046252406977,13.442330579605681,14,18,22,22
216,34,635,5.056812763214111,GRID-OP-01,4.8611539497566705,0.14297511616931383,0.09863477202448347,11.954354597470068,9,14,17,17
217,12,50,5.052770376205444,GRID-OP-01,2.385085377090256,0.19875711475752134,0.09473541536663342,5.748430242431825,5,7,6,6
218,40,201,5.014662981033325,GRID-OP-01,6.5626472373743665,0.16406618093435915,0.11906734450787938,15.8669038579944,11,16,20,20
219,44,745,5.029916763305664,GRID-OP-01,4.619647117441357,0.10499197994184901,0.07005127081917692,11.344429712235614,13,19,22,22
220,32,485,5.078700304031372,GRID-OP-01,4.144445952613589,0.12951393601917466,0.0992073038538175,10.18517029223507,8,14,16,16
221,26,961,5.053980112075806,GRID-OP-01,3.021033915775559,0.11619361214521381,0.09970205784042409,7.348548091132326,8,13,13,13
222,30,37,5.064814329147339,GRID-OP-01,2.894340594453815,0.09647801981512717,0.05395916216078443,7.1323636816748275,8,14,15,15
223,22,422,5.015231609344482,GRID-OP-01,2.358023774521855,0.10718289884190249,0.06698726062961553,5.749882900102223,6,12,11,11
224,8,163,5.031599998474121,GRID-OP-01,0.7456941037324232,0.0932117629665529,0.040703608222837695,1.8352883406728133,2,5,4,4
225,6,51,5.013058423995972,GRID-OP-01,0.38343343038741473,0.06390557173123579,0.006653788117775493,0.9466864111212785,2,4,3,3
226,2,154,160.01163458824158,GRID-OP-01,0.36597166483682075,0.18298583241841038,0.0,0.909912556731745,2,2,1,1
227,8,57,5.009589195251465,GRID-OP-01,1.5222127794495628,0.19027659743119535,0.08632901265782846,3.6551242129459207,4,5,4,4
228,4,318,5.011748790740967,GRID-OP-01,0.6822596422753298,0.17056491056883244,0.0906265378785906,1.6317337214324605,3,3,2,2
229,14,62,5.013394832611084,GRID-OP-01,3.54731846454792,0.2533798903248514,0.21046133486916888,8.630245612606412,4,7,7,7
230,14,219,5.014716625213623,GRID-OP-01,3.018803217857417,0.2156288012755298,0.14746924273608186,7.257447950497468,5,8,7,7
231,22,366,5.0188798904418945,GRID-OP-01,3.1302766708418672,0.14228530322008487,0.11575698800667775,7.641295027533243,9,12,11,11
232,36,218,5.03278112411499,GRID-OP-01,5.530933453005906,0.15363704036127515,0.0753362781909211,13.42550086993774,11,16,18,18
233,28,97,5.030368328094482,GRID-OP-01,6.44778343405571,0.23027797978770392,0.163032343135047,15.766264475370722,7,13,14,14
234,40,2,5.0208799839019775,GRID-OP-01,7.3805373445138285,0.18451343361284572,0.09516149368912773,18.08355436463862,11,17,20,20
235,26,242,5.013155221939087,GRID-OP-01,5.985117834414087,0.2301968397851572,0.13511511541793028,14.876635925596164,9,14,13,13
236,44,592,5.028035879135132,GRID-OP-01,7.115998377621401,0.16172723585503185,0.0952557355568435,17.397025196195525,13,20,22,22
237,26,247,5.063822984695435,GRID-OP-01,5.141809022076242,0.19776188546447082,0.12767600107849383,12.769491618533069,10,14,13,13
238,26,147,5.02721095085144,GRID-OP-01,5.115427101982651,0.19674719623010198,0.10528929713546871,12.454534356226727,7,13,13,13
239,16,591,5.021349668502808,GRID-OP-01,3.9495096509988374,0.24684435318742734,0.10405976441156806,9.712274575719798,4,9,8,8
240,28,582,5.034517288208008,GRID-OP-01,3.7026670188083024,0.13223810781458223,0.09459789702434172,9.061333619335477,8,14,14,14
241,22,68,5.04809832572937,GRID-OP-01,2.6286187587547434,0.11948267085248833,0.06978065942084063,6.4788655997621944,5,12,11,11
242,10,475,5.013182640075684,GRID-OP-01,0.5821973521364157,0.058219735213641564,0.04277053961556093,1.4349059498243948,3,6,5,5
243,2,175,5.017529487609863,GRID-OP-01,0.07288150228123134,0.03644075114061567,0.0,0.12535637673603867,2,2,1,1
244,6,54,160.01422929763794,GRID-OP-01,1.2460536795638395,0.2076756132606399,0.07667924880085716,3.1039070618489175,3,4,3,3
245,14,144,5.011057615280151,GRID-OP-01,2.298556135977745,0.16418258114126752,0.09844345762587565,5.6431285979316215,6,8,7,7
246,8,150,5.014660120010376,GRID-OP-01,2.6372513781917237,0.32965642227396547,0.10037692191491011,6.402178611965612,3,5,4,4
247,10,178,5.0136919021606445,GRID-OP-01,3.074531977456625,0.3074531977456625,0.24152846804312694,7.495821623586604,3,6,5,5
248,30,349,5.0192952156066895,GRID-OP-01,6.744769921070098,0.22482566403566995,0.11997354553214727,16.33399840218649,11,16,15,15
249,12,132,5.033814907073975,GRID-OP-01,4.265416456664155,0.35545137138867955,0.21624515294608188,10.483646868948272,4,7,6,6
250,30,129,5.01897120475769,GRID-OP-01,6.9633164587679515,0.23211054862559838,0.16629811685958626,16.966899866726198,8,15,15,15
251,24,199,5.023067474365234,GRID-OP-01,5.268894598637168,0.21953727494321532,0.17860295888473718,12.82306389452584,6,12,12,12
252,32,326,5.026601314544678,GRID-OP-01,5.925795237635082,0.18518110117609632,0.1081133586267156,14.4763902518318,10,16,16,16
253,22,18,5.036310911178589,GRID-OP-01,4.326476682097143,0.1966580310044156,0.11384756410764567,10.536890119927426,8,12,11,11
254,22,315,5.016827583312988,GRID-OP-01,6.690843761508088,0.3041292618867313,0.13975941193891492,16.186890856394676,4,11,11,11
255,24,194,5.029294729232788,GRID-OP-01,5.147776284685347,0.2144906785285561,0.10926471049743043,12.530594434803515,6,13,12,12
256,26,198,5.026265621185303,GRID-OP-01,4.230316170168635,0.16270446808340905,0.09201804148123331,10.316630808826952,6,14,13,13
257,26,888,5.029847621917725,GRID-OP-01,2.899726240097238,0.11152793231143222,0.0705915663551567,7.091165419590162,5,11,13,13
258,30,75,5.064896106719971,GRID-OP-01,3.1953832191418114,0.10651277397139372,0.0744809471997872,8.823911088956905,8,14,14,16
259,11,289,5.018400430679321,GRID-OP-01,0.7349154396122596,0.06681049451020542,0.050529242767392145,1.9801768503745796,2,7,5,6
260,2,428,160.02006816864014,GRID-OP-01,0.057141441798589925,0.028570720899294962,0.0,0.13850012024721847,2,2,1,1
261,10,347,5.013174772262573,GRID-OP-01,1.5459934409905443,0.15459934409905443,0.07284839191570204,3.780707121412351,4,6,5,5
262,8,175,5.017226934432983,GRID-OP-01,2.1531989883952973,0.26914987354941217,0.1936639272870727,5.273366851770937,4,5,4,4
263,20,110,5.015166521072388,GRID-OP-01,3.4780730128109028,0.17390365064054514,0.11347867714973213,8.499870073024422,6,10,10,10
264,24,341,5.016911506652832,GRID-OP-01,4.695255520040447,0.19563564666835195,0.11909575898714973,11.557426020905028,7,10,12,12
265,11,368,5.03041410446167,GRID-OP-01,3.050677080712819,0.2773342800648017,0.1492730506523797,10.090277244342698,3,6,4,7
266,30,53,5.028709888458252,GRID-OP-01,5.698477365338459,0.18994924551128195,0.14088012488753893,15.697567231579425,7,15,14,16
267,30,226,5.017520189285278,GRID-OP-01,5.89948280570181,0.196649426856727,0.13273070433160714,14.263647924179049,9,14,15,15
268,21,319,5.029381513595581,GRID-OP-01,4.698427319280628,0.22373463425145848,0.11271790077088932,14.064845599699916,7,12,9,12
269,20,124,5.029988765716553,GRID-OP-01,4.82112074925678,0.241056037462839,0.15704806903387733,11.851273495618937,6,11,10,10
270,38,4,5.0248894691467285,GRID-OP-01,7.514841458992343,0.1977589857629564,0.12143758779293062,18.880780347928773,8,17,18,20
271,24,166,5.016793966293335,GRID-OP-01,5.508496847879806,0.22952070199499194,0.1525034828150114,13.361816811411668,6,13,12,12
272,32,225,5.02882981300354,GRID-OP-01,5.4730250942754175,0.1710320341961068,0.12285683784112027,14.776019560358124,5,14,15,17
273,28,106,5.032259941101074,GRID-OP-01,4.363960132437746,0.15585571901563378,0.09419883327420134,11.302053096392664,6,14,13,15
274,24,246,5.02315878868103,GRID-OP-01,2.92246882154864,0.12176953423119334,0.07099484630919338,7.048113340457705,5,11,12,12
275,20,15,5.029017210006714,GRID-OP-01,2.4232853486768846,0.12116426743384423,0.07640992848269357,5.940428057656681,3,11,10,10
276,9,200,5.014235973358154,GRID-OP-01,0.5099339156529361,0.056659323961437344,0.025494115006632286,1.8847772110665586,2,4,3,6
277,6,97,165.01685881614685,GRID-OP-01,1.265165968813013,0.21086099480216883,0.052677314622958875,3.0923889381448397,2,3,3,3
278,14,26,5.014619588851929,GRID-OP-01,2.6622029854310263,0.19015735610221615,0.12763686528605733,6.441756022852948,6,8,7,7
279,13,171,5.014632701873779,GRID-OP-01,3.0183396697736535,0.23217997459797335,0.1458293975905752,10.187452967794961,4,7,5,8
280,11,286,5.016604423522949,GRID-OP-01,2.1951411805310053,0.1995582891391823,0.14920664334070305,6.096937734418907,4,7,5,6
281,20,113,5.019705057144165,GRID-OP-01,4.149736622341333,0.20748683111706664,0.15145030012985222,10.210440213765276,7,10,10,10
282,27,289,5.020690202713013,GRID-OP-01,5.8927169968446735,0.21824877766091383,0.08460928480382812,16.029279594958183,8,14,12,15
283,26,204,5.03354287147522,GRID-OP-01,5.033220318061393,0.1935853968485151,0.09910096978040248,12.262484448520093,6,12,13,13
284,31,589,5.028464078903198,GRID-OP-01,6.60612525920638,0.21310081481310905,0.19102333018913759,16.822150527708487,8,16,15,16
285,24,55,5.052304029464722,GRID-OP-01,4.928710230030911,0.20536292625128796,0.15460332142062444,13.862009694435928,6,12,11,13
286,42,0,5.021893501281738,GRID-OP-01,7.582112288177821,0.18052648305185287,0.13289364460245123,18.620137755554723,11,18,21,21
287,12,385,5.02105975151062,GRID-OP-01,2.760933158898798,0.2300777632415665,0.12087016636236761,6.726767134199473,4,7,6,6
288,34,358,5.029219388961792,GRID-OP-01,6.144928505595363,0.1807331913410401,0.12522212559109067,14.942262218998831,9,17,17,17
289,28,152,5.041590690612793,GRID-OP-01,5.121226862255624,0.1829009593662723,0.1387970265757931,12.464300115876574,7,15,14,14
290,24,110,5.028506755828857,GRID-OP-01,3.5897482685818676,0.1495728445242445,0.07022910738395323,8.79062322647509,6,14,12,12
291,18,779,5.022912502288818,GRID-OP-01,2.026764548238363,0.11259803045768685,0.071997471920804,4.937058524628909,3,10,9,9
292,8,106,5.040919780731201,GRID-OP-01,0.5634132110272645,0.07042665137840806,0.028882145956414466,1.357291824728568,3,5,4,4
293,6,30,160.01571321487427,GRID-OP-01,0.7892263688892786,0.1315377281482131,0.08878322482922697,1.9218468854763504,3,4,3,3
294,2,83,5.0105040073394775,GRID-OP-01,0.7464445160465775,0.37322225802328873,0.0,1.7781974489772632,2,2,1,1
295,12,201,5.014187574386597,GRID-OP-01,2.6973531526215746,0.2247794293851312,0.1709341769454837,6.604163377184264,4,6,6,6
296,18,501,5.018529176712036,GRID-OP-01,3.3755904383863315,0.18753280213257398,0.1399387317393059,8.260227573305094,6,10,9,9
297,22,263,5.035093545913696,GRID-OP-01,5.62658803814793,0.2557540017339968,0.1803754376407234,13.880539879057732,8,12,11,11
298,20,224,5.0254621505737305,GRID-OP-01,4.28975980338223,0.21448799016911152,0.11065393147400675,10.554520683572221,7,10,10,10
299,24,448,5.025761127471924,GRID-OP-01,4.8419636152323156,0.20174848396801315,0.18186196011370323,11.893996572889803,6,12,12,12
300,31,215,5.037304162979126,GRID-OP-01,5.257241376084761,0.1695884314866052,0.14512937581792945,13.586921263516931,9,15,15,16
301,28,173,5.029752492904663,GRID-OP-01,6.174944495855041,0.22053373199482287,0.09484669958226254,15.063699256947729,7,12,14,14
302,35,214,5.028508424758911,GRID-OP-01,8.959445213563129,0.25598414895894656,0.16864281572104392,22.179944773302456,9,16,17,18
303,17,309,5.030368328094482,GRID-OP-01,3.809951715632213,0.22411480680189488,0.11909346802519702,12.623370234714853,5,9,6,11
304,32,55,5.029857158660889,GRID-OP-01,5.033963105542108,0.15731134704819089,0.10188010052021677,12.266771081720771,9,16,16,16
305,24,8,5.022636890411377,GRID-OP-01,4.769010911635518,0.19870878798481326,0.14002055340815434,11.557770032321114,7,12,12,12
306,36,116,5.0215370655059814,GRID-OP-01,5.500287970101389,0.1527857769472608,0.12108408427275691,13.411461300946016,7,15,18,18
307,13,132,5.027153253555298,GRID-OP-01,1.8923272336257297,0.14556363335582537,0.06320466157951853,6.81975305577184,2,6,4,9
308,17,162,5.0235819816589355,GRID-OP-01,1.816842173380323,0.10687306902237194,0.07637376112065954,6.06555456186963,3,7,5,12
309,6,82,5.019270658493042,GRID-OP-01,0.4880027489472709,0.08133379149121182,0.020456337950992103,1.1768664591243516,2,4,3,3
310,2,24,165.01498532295227,GRID-OP-01,0.333891008474119,0.1669455042370595,0.0,0.8221247624726995,2,2,1,1
311,16,193,5.01144552230835,GRID-OP-01,2.3626491693921094,0.14766557308700684,0.09743700438453307,5.864770626386806,7,9,8,8
312,20,159,5.021524429321289,GRID-OP-01,3.480956011135118,0.1740478005567559,0.1424573314481519,8.549889482644822,7,10,10,10
313,6,418,5.019315004348755,GRID-OP-01,2.002115724331017,0.3336859540551695,0.13044486213415768,4.81538038849635,3,4,3,3
314,28,64,5.020858526229858,GRID-OP-01,4.310744829567359,0.15395517248454854,0.10926776413734257,10.542622040276033,10,14,14,14
315,22,8,5.01880669593811,GRID-OP-01,3.896830094607855,0.1771286406639934,0.10416185355762735,9.38741140192612,6,10,11,11
316,32,433,5.01842999458313,GRID-OP-01,4.374487324208681,0.13670272888152127,0.09059032279281184,11.308220644221043,10,16,15,17
317,35,24,5.04673433303833,GRID-OP-01,4.048588322007689,0.11567395205736253,0.07060572361064102,10.1131554151434,8,15,17,18
318,31,432,5.021986246109009,GRID-OP-01,5.148271246986076,0.1660732660318089,0.1048925139049242,12.926309221645669,10,16,15,16
319,20,646,5.043769598007202,GRID-OP-01,4.663199336021021,0.23315996680105106,0.1877342783201138,11.343086007817297,6,11,10,10
320,35,427,5.045878648757935,GRID-OP-01,4.322811648429597,0.12350890424084562,0.09885936164618979,10.854333515114952,9,16,17,18
321,24,255,5.044588088989258,GRID-OP-01,2.5952635119005834,0.1081359796625243,0.08483556167357977,6.685322691506254,6,11,11,13
322,16,236,5.033820390701294,GRID-OP-01,2.4130719059444448,0.1508169941215278,0.09293115793961802,7.863169453070981,4,7,5,11
323,22,26,5.031790256500244,GRID-OP-01,2.140001741620822,0.09727280643731008,0.0555717703645237,5.192232404524473,4,11,11,11
324,8,1092,5.0156731605529785,GRID-OP-01,0.4258878314364237,0.053235978929552966,0.01779416734985616,1.028390803220099,2,5,4,4
325,2,61,5.03039288520813,GRID-OP-01,0.1305336939716032,0.0652668469858016,0.0,0.3185317364363499,2,2,1,1
326,6,270,160.01377654075623,GRID-OP-01,0.5652595145655105,0.09420991909425175,0.059341304091073944,1.4033691964345336,4,4,3,3
327,12,379,5.02042293548584,GRID-OP-01,1.7131504065447039,0.1427625338787253,0.08503415080764189,4.176885729351392,5,7,6,6
328,18,408,5.022299528121948,GRID-OP-01,1.8121942708050285,0.10067745948916824,0.07099063508640976,4.367082704116771,7,9,9,9
329,16,198,5.028720855712891,GRID-OP-01,2.5737907462162273,0.1608619216385142,0.10963345637239598,6.206597582564659,7,9,8,8
330,34,443,5.022301435470581,GRID-OP-01,4.567259722200942,0.1343311683000277,0.08601585191464509,11.245646976386709,12,16,17,17
331,17,384,5.043041229248047,GRID-OP-01,2.3132123411655385,0.13607131418620816,0.06487070018231943,6.193593801670792,8,10,8,9
332,19,135,5.030065298080444,GRID-OP-01,3.6510113110263576,0.19215849005401883,0.08137683947648901,9.66672073350073,6,10,9,10
333,37,48,5.02081298828125,GRID-OP-01,4.875564866822504,0.13177202342763525,0.07259217848816692,12.583892723792644,11,16,18,19
334,37,127,5.0243189334869385,GRID-OP-01,5.029443440957017,0.13593090380964912,0.08914259053497492,12.775495183403212,11,19,18,19
335,32,400,5.029280424118042,GRID-OP-01,5.277566123984161,0.16492394137450503,0.0929290930606498,12.938396036728161,9,16,16,16
336,16,32,5.082107782363892,GRID-OP-01,1.7664671010807145,0.11040419381754465,0.06636358655980423,4.371497462005617,6,8,8,8
337,42,730,5.0854716300964355,GRID-OP-01,5.831889904754552,0.13885452154177505,0.07416393224390264,14.328702939108677,13,20,21,21
338,29,442,5.080214262008667,GRID-OP-01,3.0251212780672816,0.10431452682990626,0.043178208187585915,7.582722521881599,9,14,14,15
339,24,145,5.083032131195068,GRID-OP-01,2.596495764943514,0.10818732353931308,0.06660364220657918,6.366613568021942,6,12,12,12
340,18,394,5.028443813323975,GRID-OP-01,1.4991856257748197,0.08328809032082332,0.06946246724128657,3.6800110986434014,5,10,9,9
341,8,47,5.079324722290039,GRID-OP-01,0.7836457210956207,0.09795571513695259,0.052718305358528034,1.931761703578827,3,5,4,4
342,2,394,5.014002561569214,GRID-OP-01,0.04083559707937479,0.020417798539687396,0.0,0.10153546568804456,2,2,1,1
343,2,184,160.02868795394897,GRID-OP-01,0.22261340980600797,0.11130670490300398,0.0,0.5383313335694133,2,2,1,1
344,8,373,5.016626358032227,GRID-OP-01,1.2077257289728203,0.15096571612160253,0.12695929286528515,2.9965827412252932,3,5,4,4
345,21,405,5.026992082595825,GRID-OP-01,3.4889193217281393,0.16613901532038758,0.14963120492707702,8.874351048686636,6,10,10,11
346,8,192,5.033168792724609,GRID-OP-01,2.135750134376563,0.2669687667970704,0.17235915338286112,5.328992045478501,3,5,4,4
347,22,67,5.023007154464722,GRID-OP-01,4.632286629859316,0.21055848317542347,0.10880427627857309,11.250553046134668,8,12,11,11
348,22,403,5.030759811401367,GRID-OP-01,5.237143750604314,0.23805198866383248,0.18244883513662302,16.001824910004,6,11,9,13
349,22,345,5.0383217334747314,GRID-OP-01,5.437238897984212,0.247147222635646,0.1265655800354606,13.347936892698915,6,11,11,11
350,30,384,5.033837080001831,GRID-OP-01,7.2161722836639495,0.24053907612213166,0.20302269797511674,17.73966553108121,9,14,15,15
351,34,483,5.045180320739746,GRID-OP-01,6.905125600379322,0.20309192942292123,0.11058987356364602,16.855299248834854,8,14,17,17
352,26,57,5.052759170532227,GRID-OP-01,4.114018145683013,0.15823146714165434,0.10226895522812818,10.138832292390935,9,13,13,13
353,36,1135,5.027438163757324,GRID-OP-01,4.920454484966226,0.13667929124906184,0.08528920062613139,12.059441118706737,11,15,18,18
354,43,271,5.098825454711914,GRID-OP-01,6.481153123027432,0.1507244912331961,0.07584365752376152,16.25027621573918,13,21,21,22
355,15,276,5.0482470989227295,GRID-OP-01,3.0969591075797074,0.20646394050531383,0.08958848148804337,10.398130409537533,3,7,5,10
356,14,43,5.0286431312561035,GRID-OP-01,1.9692631146978232,0.14066165104984452,0.07082063137350869,4.847921772093996,3,7,7,7
357,26,36,5.023754358291626,GRID-OP-01,3.6365260428352744,0.13986638626289516,0.0818633889469425,8.829773463403017,6,13,13,13
358,16,148,5.0222697257995605,GRID-OP-01,1.170701123614104,0.0731688202258815,0.02997354910124503,2.8140544728861205,4,9,8,8
359,4,31,5.019397735595703,GRID-OP-01,0.33628775943062206,0.08407193985765551,0.0030209085893771886,0.8230860401054779,2,3,2,2
360,6,38,160.0277681350708,GRID-OP-01,0.9767129736067475,0.16278549560112457,0.06823031444468276,2.4305174054031804,3,4,3,3
361,6,522,5.014433145523071,GRID-OP-01,0.589243292063597,0.09820721534393284,0.05681677372704889,1.4613188873935015,3,4,3,3
362,14,169,5.028826713562012,GRID-OP-01,2.9391011912330818,0.20993579937379156,0.1424485210104066,7.2455101090568705,6,8,7,7
363,16,11,5.027443885803223,GRID-OP-01,4.372325981315252,0.27327037383220326,0.18583335088320604,10.64679627416359,5,8,8,8
364,16,270,5.0202414989471436,GRID-OP-01,4.359090864026918,0.27244317900168236,0.17397076437360046,10.681379170620907,5,8,8,8
365,32,7,5.032836198806763,GRID-OP-01,5.478975563622816,0.171217986363213,0.0770960637772003,13.324306675360726,10,16,16,16
366,30,144,5.021158695220947,GRID-OP-01,5.6369304683009664,0.18789768227669887,0.120482207697546,13.75352647771755,10,15,15,15
367,22,97,5.029011964797974,GRID-OP-01,4.75774038189642,0.2162609264498373,0.13414174328752812,11.709834561778873,7,11,11,11
368,29,237,5.027902364730835,GRID-OP-01,6.81953629426214,0.2351564239400738,0.12656651482716197,21.314152629269767,8,12,11,18
369,28,130,5.037314176559448,GRID-OP-01,5.391135665614433,0.19254055948622975,0.1805503898076749,13.12379042138101,9,15,14,14
370,28,849,5.029355525970459,GRID-OP-01,5.784241392589594,0.20658004973534266,0.0837953281304735,14.278984047675683,7,12,14,14
371,20,22,5.068303346633911,GRID-OP-01,4.573086750904664,0.22865433754523318,0.1258580371196767,11.082329079157107,4,10,10,10
372,32,48,5.026034355163574,GRID-OP-01,6.517482153516052,0.20367131729737661,0.13747650729670194,15.832781436208359,7,16,16,16
373,20,54,5.0262696743011475,GRID-OP-01,2.8903119763873906,0.14451559881936954,0.06809466991196321,7.114463811529158,4,11,10,10
374,20,13,5.029752254486084,GRID-OP-01,2.338182325382494,0.1169091162691247,0.07139175593593527,5.7331649066540935,5,10,10,10
375,20,103,5.024303436279297,GRID-OP-01,1.556439012191598,0.0778219506095799,0.043351564522075114,3.7820265147577214,5,12,10,10
376,2,318,5.0257158279418945,GRID-OP-01,0.12859028166059494,0.06429514083029747,0.0,0.3186451899649989,2,2,1,1
377,2,250,160.02401757240295,GRID-OP-01,0.5124840788245776,0.2562420394122888,0.0,1.234408076407484,2,2,1,1
378,8,25,5.015800476074219,GRID-OP-01,1.033990773919145,0.12924884673989312,0.0810647945326858,2.509984647272919,4,5,4,4
379,18,689,5.021430492401123,GRID-OP-01,3.189719019466094,0.17720661219256076,0.09739013962385742,7.697380696175605,6,9,9,9
380,12,265,5.046041011810303,GRID-OP-01,2.395453989373263,0.19962116578110525,0.15305059438553575,5.868655507138462,4,7,6,6
381,21,216,5.024347543716431,GRID-OP-01,5.724373506367015,0.27258921458890545,0.16216573944716645,14.296642839573465,4,9,10,11
382,16,98,5.031374454498291,GRID-OP-01,3.4992289510627312,0.2187018094414207,0.0828314177973199,8.630367211213317,3,7,8,8
383,30,1,5.022530555725098,GRID-OP-01,5.8992589108294045,0.19664196369431347,0.09529383393148425,14.524406169966296,9,15,15,15
384,26,211,5.027188062667847,GRID-OP-01,7.415331558352069,0.28520505993661804,0.1901380642095451,18.867637537714636,7,15,12,14
385,38,103,5.038786888122559,GRID-OP-01,8.55413587547135,0.2251088388281934,0.132339097749383,21.023389632108636,10,17,19,19
386,20,5,5.028226852416992,GRID-OP-01,4.333055605475981,0.21665278027379906,0.17705088726231727,10.702527473180513,5,11,10,10
387,38,630,5.028293132781982,GRID-OP-01,8.026052256096811,0.21121190147623187,0.15639125642873075,19.623980664609366,9,18,19,19
388,26,0,5.068218946456909,GRID-OP-01,4.447627995746604,0.17106261522102323,0.08502910403935443,10.843353465606878,8,14,13,13
389,29,42,5.02403998374939,GRID-OP-01,5.301787089400127,0.18282024446207334,0.15160325444019776,13.988321427213062,7,16,14,15
390,14,277,5.02705979347229,GRID-OP-01,2.1389956316538266,0.1527854022609876,0.09773675551043595,7.180648023529548,3,7,5,9
391,28,44,5.033517837524414,GRID-OP-01,3.256882036161487,0.11631721557719597,0.06035747678874793,7.883981976216142,8,16,14,14
392,16,23,5.024998426437378,GRID-OP-01,1.0385413957418221,0.06490883723386388,0.023646782815953525,2.559528903866652,4,9,8,8
393,6,62,165.02953481674194,GRID-OP-01,0.9836027135590608,0.1639337855931768,0.09687794160230129,2.4082279372327458,3,4,3,3
394,6,465,5.014277935028076,GRID-OP-01,1.5384429157924349,0.2564071526320725,0.14295791483067577,3.6718204157068954,4,4,3,3
395,11,63,5.031437635421753,GRID-OP-01,1.5432775421295715,0.1402979583754156,0.1420729974131407,5.601592786450271,4,6,4,7
396,12,312,5.025423288345337,GRID-OP-01,2.783537513564151,0.23196145946367927,0.1581214713381845,9.006528918530122,4,7,5,7
397,12,119,5.033909559249878,GRID-OP-01,3.8333663091977574,0.31944719243314645,0.22087336449918762,11.411410237053673,4,8,5,7
398,22,340,5.029743909835815,GRID-OP-01,5.91763270862076,0.26898330493730727,0.1649156784945963,14.367466819734837,7,11,11,11
399,6,284,5.036875247955322,GRID-OP-01,1.9815542544510685,0.3302590424085114,0.22820932657504422,4.838732456936036,3,5,3,3
400,24,161,5.03083872795105,GRID-OP-01,6.781242374126247,0.28255176558859363,0.1719244929363626,16.316334322410583,7,13,12,12
401,39,216,5.036687850952148,GRID-OP-01,6.350219876489004,0.16282615067920522,0.13489092066002223,15.935910384320701,10,17,19,20
402,32,165,5.047646999359131,GRID-OP-01,5.942427319870452,0.18570085374595163,0.09761782626335055,15.356378977060142,8,17,15,17
403,37,288,5.045417547225952,GRID-OP-01,6.03822376708646,0.1631952369482827,0.08214139581130131,15.604763513497835,8,17,18,19
404,23,532,5.045605182647705,GRID-OP-01,4.265616560326377,0.1854615895794077,0.10012828026323574,11.002891094233318,4,11,11,12
405,26,64,5.05523681640625,GRID-OP-01,4.591870605706777,0.17661040791179913,0.0913216095639102,11.25517432603184,6,13,13,13
406,24,200,5.03874397277832,GRID-OP-01,3.330787391533559,0.13878280798056494,0.08097741296326748,8.160071363920364,5,12,12,12
407,20,238,5.038430452346802,GRID-OP-01,2.2325771533988594,0.11162885766994297,0.0644757020178045,5.3835373234013035,5,11,10,10
408,20,456,5.037508487701416,GRID-OP-01,1.521276893221412,0.0760638446610706,0.035034060519397184,3.7059293151578365,4,11,10,10
409,2,849,165.0421426296234,GRID-OP-01,0.10930023371831561,0.054650116859157806,0.0,0.2662190076862032,2,2,1,1
410,7,740,5.029172897338867,GRID-OP-01,1.9908492448255681,0.2844070349750812,0.17769610475157213,4.9356556025386285,4,6,3,4
411,14,1,5.032238721847534,GRID-OP-01,2.6083229825516394,0.18630878446797425,0.10704632477641353,9.301022831703367,4,7,5,9
412,14,37,5.018448829650879,GRID-OP-01,3.9821591185429366,0.2844399370387812,0.1605132853583701,9.708292252142085,5,8,7,7
413,18,52,5.023209095001221,GRID-OP-01,4.325962641392563,0.24033125785514237,0.17642705722964486,10.632826754739467,7,10,9,9
414,31,483,5.027757883071899,GRID-OP-01,6.280549571073396,0.20259837326043215,0.16253579390944128,18.532314225706507,10,16,14,17
415,32,140,5.051734685897827,GRID-OP-01,5.939458909071366,0.18560809090848018,0.1370398094412773,14.530246095876036,10,16,16,16
416,26,639,5.033101797103882,GRID-OP-01,7.285687548070502,0.28021875184886547,0.15234285608689757,17.843204097760925,5,12,13,13
417,20,608,5.0533082485198975,GRID-OP-01,4.260624949344561,0.21303124746722807,0.08838039268763526,10.5227536401575,7,11,10,10
418,29,611,5.046629190444946,GRID-OP-01,6.009703504636499,0.20723115533229305,0.15116923200325516,15.266365280084887,8,15,14,15
419,28,159,5.057558536529541,GRID-OP-01,4.950846074034321,0.17681593121551148,0.13014591907915823,13.574145101848025,9,15,13,15
420,26,241,5.04041051864624,GRID-OP-01,6.203704704690026,0.23860402710346257,0.15888897186809256,15.088844962133116,7,14,13,13
421,21,326,5.039546489715576,GRID-OP-01,3.673535195684483,0.17493024741354682,0.08096834185757044,10.369455206066023,4,12,8,13
422,26,97,5.0410544872283936,GRID-OP-01,3.8592146076186493,0.14843133106225576,0.08018272314810833,9.37193746826331,7,14,13,13
423,22,261,5.030157089233398,GRID-OP-01,2.731336992566219,0.12415168148028269,0.0635877837068773,6.645205023194149,5,12,11,11
424,20,52,5.035324335098267,GRID-OP-01,0.8989006515359187,0.04494503257679593,0.015479551262686717,2.2037818722196048,5,11,10,10
425,2,644,160.02524733543396,GRID-OP-01,0.10885137961254791,0.05442568980627396,0.0,0.2597621325457127,2,2,1,1
426,10,345,10.020923614501953,GRID-OP-01,1.543239519357819,0.1543239519357819,0.0927417436108347,3.8198183028582253,5,6,5,5
427,16,595,5.026095628738403,GRID-OP-01,2.4963181585710714,0.15601988491069196,0.06563192693604858,6.107455428746413,6,8,8,8
428,16,165,5.045759439468384,GRID-OP-01,2.8471248207200075,0.17794530129500047,0.11486095879903448,7.0003746567598455,6,9,8,8
429,33,51,5.02589225769043,GRID-OP-01,4.549440746751539,0.1378618408106527,0.06345217878860152,11.557936157964473,10,15,16,17
430,18,514,5.022042512893677,GRID-OP-01,3.122361505223333,0.17346452806796295,0.08180558480522439,7.604562812653117,6,9,9,9
431,26,1,5.037444114685059,GRID-OP-01,4.168713958880995,0.16033515226465367,0.11678101342369103,10.237020887214262,8,11,13,13
432,32,341,5.029957056045532,GRID-OP-01,5.256261670673075,0.16425817720853358,0.09585295435852016,12.955880964069088,9,15,16,16
433,30,89,5.047563314437866,GRID-OP-01,5.411525895830395,0.18038419652767984,0.12635718593228734,13.36017803340388,9,15,15,15
434,17,328,5.026592969894409,GRID-OP-01,2.609203049069075,0.15348253229818087,0.09262574120154206,8.265345588688248,6,9,6,11
435,21,64,5.038269996643066,GRID-OP-01,3.3063112107641635,0.1574433909887697,0.16679988892216593,13.225994926947369,7,10,7,14
436,20,196,5.027547359466553,GRID-OP-01,3.028815341144835,0.15144076705724174,0.08177743495740121,8.349528899895803,5,11,9,11
437,23,71,5.031801700592041,GRID-OP-01,3.6695578945204224,0.1595459954139314,0.11676454681868788,9.127271486758298,5,12,11,12
438,13,43,5.025980472564697,GRID-OP-01,1.0332502838442827,0.07948079106494482,0.039671822995532804,3.1288708948809716,4,8,5,8
439,12,53,5.025169134140015,GRID-OP-01,0.9239003555836324,0.07699169629863603,0.046776541397843485,2.25024745225548,3,7,6,6
440,10,86,5.0254411697387695,GRID-OP-01,0.5942206811574291,0.05942206811574291,0.03967932491434897,1.4597690743697025,3,6,5,5
441,8,687,165.02833151817322,GRID-OP-01,1.064090085546439,0.13301126069330488,0.11228094128453392,2.554187915108275,4,5,4,4
442,10,723,5.0320775508880615,GRID-OP-01,1.686346733009895,0.1686346733009895,0.1327661678395356,4.128043232072434,3,5,5,5
443,22,347,5.038928270339966,GRID-OP-01,3.32384858814276,0.15108402673376184,0.0783305377094096,8.140120101923985,9,12,11,11
444,20,142,5.040072917938232,GRID-OP-01,2.9742828594998576,0.14871414297499289,0.08862741875785321,7.234563435992919,7,10,10,10
445,26,106,5.024975061416626,GRID-OP-01,3.049842072952052,0.11730161819046353,0.09255166366381246,7.408129642170151,8,11,13,13
446,25,390,5.025737524032593,GRID-OP-01,4.667797483363821,0.18671189933455284,0.10720735010387716,12.361628836228284,9,12,12,13
447,42,125,5.043749570846558,GRID-OP-01,5.271465694975987,0.12551108797561875,0.10642067822616066,12.900048038562314,11,17,21,21
448,39,162,5.034433603286743,GRID-OP-01,4.275883997145325,0.10963805120885449,0.09607671499654996,11.117098253881213,12,19,19,20
449,36,82,5.038249731063843,GRID-OP-01,5.2492557644231805,0.14581266012286612,0.09651209182377951,13.609146018669593,9,15,17,19
450,24,36,5.029860258102417,GRID-OP-01,3.777242443212568,0.15738510180052367,0.07816086916895375,9.261822078139165,6,11,12,12
451,36,73,5.026439428329468,GRID-OP-01,4.0171709250738425,0.11158808125205118,0.07409032307027597,9.812695407012997,10,15,18,18
452,24,233,5.031253099441528,GRID-OP-01,4.260159971245322,0.1775066654685551,0.13475800630531046,10.508989341495932,7,13,12,12
453,18,81,5.033084154129028,GRID-OP-01,2.4200981779216417,0.13444989877342453,0.06627637926624869,5.9000050819612975,6,10,9,9
454,9,462,5.029958486557007,GRID-OP-01,1.3475474700563828,0.14972749667293142,0.08861776941764066,5.958038965317612,2,3,1,8
455,13,105,5.032471656799316,GRID-OP-01,1.1392870962196455,0.08763746893997273,0.05751971124357645,2.8175388328022035,2,7,6,7
456,2,404,5.021260023117065,GRID-OP-01,0.08109757113534931,0.040548785567674654,0.0,0.19647517161984374,2,2,1,1
457,2,66,165.02856302261353,GRID-OP-01,0.5595687374167089,0.27978436870835444,0.002145231378971102,2.670861185633533,1,1,0,2
458,3,382,5.019212245941162,GRID-OP-01,1.1947990850858696,0.3982663616952899,0.1600114013248182,5.789899434250014,1,1,0,3
459,19,183,5.031050682067871,GRID-OP-01,3.1463545782687223,0.16559760938256432,0.08302096214222965,7.93087101578907,6,11,9,10
460,26,299,5.034451246261597,GRID-OP-01,4.422007185343612,0.1700771994362928,0.10576698030681751,10.810688824102636,10,13,13,13
461,26,1151,5.036166429519653,GRID-OP-01,4.888437823083068,0.18801683934934876,0.13719030980768948,11.92633021907804,7,11,13,13
462,31,188,5.082043647766113,GRID-OP-01,6.480937222059561,0.20906249103417937,0.14623301055943022,16.021495862748438,9,16,15,16
463,24,58,5.036168813705444,GRID-OP-01,4.9568315610725255,0.2065346483780219,0.1470156906414358,12.100054527807766,7,12,12,12
464,34,584,5.03152322769165,GRID-OP-01,8.37671847852347,0.24637407289774912,0.22022329191921,20.48308046628851,10,16,17,17
465,37,41,5.063618183135986,GRID-OP-01,5.92894911823479,0.16024186806039972,0.13413341418347619,14.845791727083952,9,15,18,19
466,11,126,5.02350115776062,GRID-OP-01,2.9244665786341013,0.26586059805764556,0.20579406037335315,10.317862408746937,3,5,4,7
467,32,457,5.034897804260254,GRID-OP-01,5.608542069465721,0.17526693967080378,0.10132564934036953,13.760564652199683,9,15,16,16
468,28,224,5.052734375,GRID-OP-01,4.8136299371738245,0.17191535489906515,0.0938160665716805,11.818123591783586,9,15,14,14
469,32,122,5.039994239807129,GRID-OP-01,4.421565030418004,0.13817390720056263,0.10642463998886015,10.900408705100812,8,16,16,16
470,14,16,5.03073787689209,GRID-OP-01,1.6658209861432263,0.11898721329594474,0.07358075594732458,4.028601836132548,4,7,7,7
471,20,457,5.02785062789917,GRID-OP-01,2.0036743308135367,0.10018371654067684,0.03569916149492244,4.899927068362265,2,9,10,10
472,12,7,5.047602653503418,GRID-OP-01,0.8529703701580282,0.07108086417983568,0.03794144697411426,2.085218314341974,2,7,6,6
473,2,19,160.02868151664734,GRID-OP-01,0.5504775860674443,0.2752387930337222,0.0,1.339660833098459,2,2,1,1
474,4,51,5.015317440032959,GRID-OP-01,0.48330336995381584,0.12082584248845396,0.08829869586264934,1.151768233326003,3,3,2,2
475,18,7,5.021202802658081,GRID-OP-01,3.3688639608885858,0.18715910893825477,0.09984239383289041,8.185828799897873,6,8,9,9
476,12,92,5.021430015563965,GRID-OP-01,2.4207130931374827,0.20172609109479023,0.15202742625343416,5.879133714537913,5,7,6,6
477,18,167,5.024650573730469,GRID-OP-01,5.152853312786979,0.2862696284881655,0.1525173119967047,12.511024437999637,5,9,9,9
478,14,90,5.027681350708008,GRID-OP-01,4.4550541012973115,0.31821815009266513,0.1736242976091513,13.136676154513246,4,8,6,8
479,19,2,5.026662111282349,GRID-OP-01,3.909156869567547,0.20574509839829194,0.13249363860504954,13.453343388424953,6,10,7,12
480,16,646,5.027297735214233,GRID-OP-01,3.8798318144641257,0.24248948840400786,0.13493912598253055,9.493144649566322,6,9,8,8
481,46,240,5.050035715103149,GRID-OP-01,9.199052675333856,0.1999794059855186,0.12014207967873701,22.422153692264057,10,17,23,23
482,28,730,5.0485758781433105,GRID-OP-01,5.924620326583808,0.21159358309227885,0.17552142077614843,14.618795407787633,9,14,14,14
483,30,216,5.067322731018066,GRID-OP-01,6.337023271626672,0.21123410905422238,0.10856037147804908,15.587679365876102,7,14,15,15
484,22,227,5.037034749984741,GRID-OP-01,4.734144725239917,0.2151883966018144,0.18051046315949656,11.560398831251522,7,12,11,11
485,17,495,5.033674478530884,GRID-OP-01,3.263636661689866,0.19197862715822742,0.17523919973036603,8.40145886218924,4,9,8,9
486,19,218,5.046101331710815,GRID-OP-01,3.2988340823783586,0.17362284644096623,0.10441491574286958,12.113450677820794,5,9,6,13
487,20,26,5.036648988723755,GRID-OP-01,2.9768890174235856,0.14884445087117928,0.09180062229646545,7.339628062788332,4,11,10,10
488,23,26,5.034075975418091,GRID-OP-01,1.8959295320373324,0.08243171878423185,0.04526866187667416,5.417139641991872,4,12,10,13
489,4,250,5.019368410110474,GRID-OP-01,0.29186603380923015,0.07296650845230754,0.043850527047049746,0.6665042983561728,2,3,2,2
