block_index,num_transactions,nonce,time_since_last_block,miner_id,total_amount_transacted,avg_amount_transacted,std_dev_amount,total_energy_transacted,unique_senders,unique_recipients,energy_payment_count,energy_delivery_count,unusual_tx_type_count,payment_to_delivery_ratio,sender_concentration
0,0,886,0.0,genesis,0.0,0.0,0.0,0.0,0.0,0.0,0.0,0.0,0.0,0.0,1.0
1,2,292,110.01259160041809,GRID-OP-01,0.371805090024619,0.1859025450123095,0.0,0.9164081311164509,2.0,2.0,1.0,1.0,0.0,0.9999990000010001,1.0
2,12,70,10.007434844970703,GRID-OP-01,2.505263850860891,0.2087719875717409,0.20754680309976462,6.0435915527037105,5.0,7.0,6.0,6.0,0.0,0.9999998333333611,0.4166666666666667
3,18,630,5.009157180786133,GRID-OP-01,4.474749750159257,0.2485972083421809,0.16484486165287648,10.89326165466702,7.0,10.0,9.0,9.0,0.0,0.9999998888889013,0.3888888888888889
4,18,58,5.032720565795898,GRID-OP-01,4.558615246625214,0.2532564025902897,0.1684388808011651,11.132254117998524,6.0,10.0,9.0,9.0,0.0,0.9999998888889013,0.3333333333333333
5,14,5,5.008072376251221,GRID-OP-01,4.2692658601649605,0.30494756144035434,0.24811650718338962,10.42130440954894,4.0,7.0,7.0,7.0,0.0,0.9999998571428775,0.2857142857142857
6,16,633,5.0052008628845215,GRID-OP-01,4.007181742018886,0.2504488588761804,0.1736646090437023,9.793728347735305,5.0,9.0,8.0,8.0,0.0,0.9999998750000157,0.3125
7,40,152,5.034351348876953,GRID-OP-01,8.216677360918268,0.20541693402295672,0.11329759243723078,20.172485396989746,10.0,18.0,20.0,20.0,0.0,0.9999999500000024,0.25
8,28,147,5.023474216461182,GRID-OP-01,7.925690079591526,0.2830603599854116,0.17492849317104428,19.41719114283836,6.0,14.0,14.0,14.0,0.0,0.9999999285714337,0.21428571428571427
9,32,421,5.020781517028809,GRID-OP-01,6.69141399496467,0.20910668734264592,0.10510050777143631,16.357908815828548,8.0,15.0,16.0,16.0,0.0,0.9999999375000038,0.25
10,16,135,5.03680157661438,GRID-OP-01,3.2359158421949528,0.20224474013718455,0.114809961460043,7.910673576745344,4.0,9.0,8.0,8.0,0.0,0.9999998750000157,0.25
11,20,98,5.012649059295654,GRID-OP-01,3.806834378301393,0.19034171891506965,0.12853762893690387,9.355719388331988,4.0,10.0,10.0,10.0,0.0,0.99999990000001,0.2
12,26,58,5.011505126953125,GRID-OP-01,4.42271840403065,0.17010455400117885,0.10443217746929451,10.745615614746265,6.0,13.0,13.0,13.0,0.0,0.9999999230769291,0.23076923076923078
13,20,1,5.008136749267578,GRID-OP-01,2.651929358553858,0.13259646792769292,0.07136423185103768,6.488626358718071,4.0,11.0,10.0,10.0,0.0,0.99999990000001,0.2
14,12,26,5.0114195346832275,GRID-OP-01,1.068370644556031,0.08903088704633592,0.04179248331280355,2.6251626265054373,2.0,7.0,6.0,6.0,0.0,0.9999998333333611,0.16666666666666666
15,6,13,165.01001501083374,GRID-OP-01,0.8396267987066751,0.13993779978444584,0.10920896028748787,2.0554090759480346,3.0,4.0,3.0,3.0,0.0,0.9999996666667778,0.5
16,4,342,5.005260229110718,GRID-OP-01,1.117572168426794,0.2793930421066985,0.035195205160863,2.7006945869384698,2.0,3.0,2.0,2.0,0.0,0.99999950000025,0.5
17,14,180,5.011874437332153,GRID-OP-01,3.303788654447347,0.2359849038890962,0.12986741801200716,8.096432149798632,4.0,7.0,7.0,7.0,0.0,0.9999998571428775,0.2857142857142857
18,14,24,5.012197256088257,GRID-OP-01,3.961660266332556,0.2829757333094683,0.19342862762957655,9.661425850311618,5.0,8.0,7.0,7.0,0.0,0.9999998571428775,0.35714285714285715
19,22,380,5.011084794998169,GRID-OP-01,4.401661789600722,0.20007553589094193,0.11351867697623158,10.756716584742701,7.0,11.0,11.0,11.0,0.0,0.9999999090909174,0.3181818181818182
20,18,223,5.025544166564941,GRID-OP-01,4.278956111970761,0.2377197839983756,0.1001373475628808,10.535529903259423,6.0,10.0,9.0,9.0,0.0,0.9999998888889013,0.3333333333333333
21,28,272,5.0156028270721436,GRID-OP-01,6.92393913092705,0.2472835403902518,0.15925492576913725,16.959262568787977,9.0,15.0,14.0,14.0,0.0,0.9999999285714337,0.32142857142857145
22,42,105,5.024405241012573,GRID-OP-01,8.524549069814533,0.20296545404320318,0.11338887214874006,20.759606491846462,12.0,19.0,21.0,21.0,0.0,0.9999999523809546,0.2857142857142857
23,22,116,5.0143883228302,GRID-OP-01,5.139397611549727,0.2336089823431694,0.15738943629558624,12.638836793372096,6.0,11.0,11.0,11.0,0.0,0.9999999090909174,0.2727272727272727
24,32,80,5.010293006896973,GRID-OP-01,6.213376400755826,0.19416801252361957,0.11657467574526584,15.11383231020335,8.0,15.0,16.0,16.0,0.0,0.9999999375000038,0.25
25,38,120,5.013981103897095,GRID-OP-01,5.780107610306233,0.15210809500805877,0.11959223597411851,14.051272432475319,9.0,16.0,19.0,19.0,0.0,0.9999999473684238,0.23684210526315788
26,22,66,5.015557527542114,GRID-OP-01,5.186128373680303,0.23573310789455923,0.1354692424382299,12.764337418521341,7.0,12.0,11.0,11.0,0.0,0.9999999090909174,0.3181818181818182
27,22,54,5.011721134185791,GRID-OP-01,5.67015866049007,0.25773448456773046,0.10669330667857038,13.720406671415173,4.0,12.0,11.0,11.0,0.0,0.9999999090909174,0.18181818181818182
28,28,1448,5.009322881698608,GRID-OP-01,3.6375230984290687,0.1299115392296096,0.08602389506101553,8.905119186156034,7.0,14.0,14.0,14.0,0.0,0.9999999285714337,0.25
29,22,128,5.093548536300659,GRID-OP-01,2.252661331506706,0.10239369688666845,0.07850768741604339,5.474179035037073,3.0,10.0,11.0,11.0,0.0,0.9999999090909174,0.13636363636363635
30,16,142,5.015064477920532,GRID-OP-01,1.619320163704569,0.10120751023153557,0.06770944027873853,3.9829587908991124,2.0,9.0,8.0,8.0,0.0,0.9999998750000157,0.125
31,4,230,165.0137836933136,GRID-OP-01,0.5179968725321294,0.12949921813303236,0.06086210191237743,1.2606936686581058,2.0,3.0,2.0,2.0,0.0,0.99999950000025,0.5
32,4,95,5.007198810577393,GRID-OP-01,1.2430412055418225,0.31076030138545563,0.07533812411182639,2.976838518694833,2.0,3.0,2.0,2.0,0.0,0.99999950000025,0.5
33,16,233,5.007909297943115,GRID-OP-01,2.517523486991173,0.1573452179369483,0.15319507073986904,6.151220376596334,6.0,9.0,8.0,8.0,0.0,0.9999998750000157,0.375
34,22,239,5.012881517410278,GRID-OP-01,4.393697110344392,0.19971350501565419,0.10400775518198327,10.601344194833242,9.0,12.0,11.0,11.0,0.0,0.9999999090909174,0.4090909090909091
35,18,135,5.01883864402771,GRID-OP-01,3.4314879598980204,0.19063821999433447,0.10644887342894822,8.32807843405827,6.0,9.0,9.0,9.0,0.0,0.9999998888889013,0.3333333333333333
36,32,529,5.011468172073364,GRID-OP-01,7.44059108215835,0.23251847131744843,0.1313140015466533,18.14702131602929,9.0,15.0,16.0,16.0,0.0,0.9999999375000038,0.28125
37,26,90,5.04071044921875,GRID-OP-01,5.170548807507666,0.19886726182721792,0.11294721884896619,12.676856244912985,9.0,13.0,13.0,13.0,0.0,0.9999999230769291,0.34615384615384615
38,24,180,5.015657663345337,GRID-OP-01,6.832109484931978,0.2846712285388324,0.18193895873203858,16.771596339739183,7.0,13.0,12.0,12.0,0.0,0.9999999166666736,0.2916666666666667
39,36,88,5.014942646026611,GRID-OP-01,7.78529915092447,0.21625830974790194,0.11528276111986918,18.96429978888622,11.0,18.0,18.0,18.0,0.0,0.9999999444444475,0.3055555555555556
40,26,142,5.014168977737427,GRID-OP-01,4.1793723783460015,0.16074509147484622,0.08746528915196757,10.239526748032045,7.0,12.0,13.0,13.0,0.0,0.9999999230769291,0.2692307692307692
41,36,26,5.013614654541016,GRID-OP-01,6.448655118981906,0.1791293088606085,0.1006653634633712,15.664519601046258,10.0,17.0,18.0,18.0,0.0,0.9999999444444475,0.2777777777777778
42,28,6,5.012995481491089,GRID-OP-01,4.763983186164976,0.17014225664874916,0.09391887582352035,11.698624851697955,8.0,15.0,14.0,14.0,0.0,0.9999999285714337,0.2857142857142857
43,24,130,5.008298873901367,GRID-OP-01,3.851821049840498,0.1604925437433541,0.07695636245028432,9.364396414173134,7.0,13.0,12.0,12.0,0.0,0.9999999166666736,0.2916666666666667
44,28,150,5.017467498779297,GRID-OP-01,3.7347134288678094,0.13338262245956461,0.07583230618859987,9.150220448178002,7.0,15.0,14.0,14.0,0.0,0.9999999285714337,0.25
45,14,78,5.015676736831665,GRID-OP-01,1.7620905775528592,0.12586361268234708,0.09972844286288607,4.276629006895536,3.0,8.0,7.0,7.0,0.0,0.9999998571428775,0.21428571428571427
46,20,448,5.009205102920532,GRID-OP-01,1.5887070725614416,0.07943535362807208,0.049164910854238145,3.9167819045512844,4.0,11.0,10.0,10.0,0.0,0.99999990000001,0.2
47,4,242,165.03047680854797,GRID-OP-01,0.7479089289139822,0.18697723222849555,0.027520805159207296,1.836366074167027,2.0,3.0,2.0,2.0,0.0,0.99999950000025,0.5
48,12,627,5.0102012157440186,GRID-OP-01,1.970008194567321,0.16416734954727674,0.07937381655394937,4.82114739150873,3.0,5.0,6.0,6.0,0.0,0.9999998333333611,0.25
49,22,104,5.026333570480347,GRID-OP-01,4.0713615074236325,0.1850618867010742,0.1488097970564314,10.074658197249226,7.0,11.0,11.0,11.0,0.0,0.9999999090909174,0.3181818181818182
50,16,346,5.011606693267822,GRID-OP-01,3.340046683059171,0.2087529176911982,0.15142024656899183,8.215735914568358,5.0,8.0,8.0,8.0,0.0,0.9999998750000157,0.3125
51,16,184,5.0202953815460205,GRID-OP-01,4.672157874946934,0.29200986718418337,0.2243446051166568,11.280741826065432,5.0,8.0,8.0,8.0,0.0,0.9999998750000157,0.3125
52,24,960,5.013233423233032,GRID-OP-01,4.102127839606623,0.1709219933169426,0.09599255602043767,10.027257855276368,7.0,11.0,12.0,12.0,0.0,0.9999999166666736,0.2916666666666667
53,28,415,5.05625057220459,GRID-OP-01,8.645755483302983,0.3087769815465351,0.25193427668559426,21.049049373140672,8.0,14.0,14.0,14.0,0.0,0.9999999285714337,0.2857142857142857
54,30,140,5.0348803997039795,GRID-OP-01,5.338423176073894,0.17794743920246311,0.10801095032005165,13.073600483860075,9.0,14.0,15.0,15.0,0.0,0.9999999333333378,0.3
55,28,61,5.015521287918091,GRID-OP-01,6.029986123273222,0.21535664725975792,0.12608410527881556,14.732766652469403,8.0,13.0,14.0,14.0,0.0,0.9999999285714337,0.2857142857142857
56,36,294,5.015592813491821,GRID-OP-01,7.491153752746348,0.2080876042429541,0.10642237822770684,18.34088704753453,10.0,18.0,18.0,18.0,0.0,0.9999999444444475,0.2777777777777778
57,24,94,5.02915096282959,GRID-OP-01,5.336253629798179,0.22234390124159079,0.15152871400205156,13.031738910138372,8.0,14.0,12.0,12.0,0.0,0.9999999166666736,0.3333333333333333
58,24,44,5.0136871337890625,GRID-OP-01,5.4292680500006965,0.22621950208336236,0.1498900477276221,13.197269992671252,6.0,12.0,12.0,12.0,0.0,0.9999999166666736,0.25
59,22,106,5.010097980499268,GRID-OP-01,4.457836285076799,0.20262892204894542,0.09962794829375862,10.925409002792748,3.0,11.0,11.0,11.0,0.0,0.9999999090909174,0.13636363636363635
60,22,187,5.01283860206604,GRID-OP-01,3.519591338179056,0.15998142446268437,0.07911151489243645,8.572026642772128,5.0,12.0,11.0,11.0,0.0,0.9999999090909174,0.22727272727272727
61,26,62,5.018528938293457,GRID-OP-01,2.6677439224933277,0.1026055354805126,0.06218829226903692,6.515065483949869,7.0,15.0,13.0,13.0,0.0,0.9999999230769291,0.2692307692307692
62,14,441,5.01230788230896,GRID-OP-01,0.5997944292603044,0.04284245923287888,0.02434338241505241,1.4397954654715366,3.0,7.0,7.0,7.0,0.0,0.9999998571428775,0.21428571428571427
63,2,57,160.02269744873047,GRID-OP-01,0.21953467476459398,0.10976733738229699,0.0,0.5422211310853249,2.0,2.0,1.0,1.0,0.0,0.9999990000010001,1.0
64,4,197,5.005082130432129,GRID-OP-01,0.45851936868843335,0.11462984217210834,0.06746786414878209,1.1314794597549511,2.0,3.0,2.0,2.0,0.0,0.99999950000025,0.5
65,8,175,5.0093584060668945,GRID-OP-01,1.857747650494033,0.2322184563117541,0.07906559473890462,4.528299883760262,4.0,5.0,4.0,4.0,0.0,0.9999997500000625,0.5
66,18,230,5.012965202331543,GRID-OP-01,4.150798533399425,0.23059991852219028,0.11260312255572907,10.112695647505442,5.0,9.0,9.0,9.0,0.0,0.9999998888889013,0.2777777777777778
67,20,963,5.015894412994385,GRID-OP-01,4.306771918406137,0.21533859592030685,0.13252997104513592,10.521981688509735,6.0,9.0,10.0,10.0,0.0,0.99999990000001,0.3
68,22,172,5.049316644668579,GRID-OP-01,5.555354573260625,0.25251611696639203,0.20764103500960432,13.574936758987763,5.0,11.0,11.0,11.0,0.0,0.9999999090909174,0.22727272727272727
69,20,397,5.018301963806152,GRID-OP-01,5.483457505080147,0.27417287525400735,0.17155782913493126,13.367172784457136,6.0,10.0,10.0,10.0,0.0,0.99999990000001,0.3
70,26,405,5.026523590087891,GRID-OP-01,6.666403392354902,0.25640013047518856,0.15255798388450068,16.175375529134698,8.0,12.0,13.0,13.0,0.0,0.9999999230769291,0.3076923076923077
71,34,349,5.03057861328125,GRID-OP-01,7.598343097172995,0.22348067932861748,0.15464536724338038,18.514461121836426,10.0,17.0,17.0,17.0,0.0,0.999999941176474,0.29411764705882354
72,28,350,5.034707069396973,GRID-OP-01,6.505003502700162,0.23232155366786292,0.16609141152402135,15.846660448560014,7.0,13.0,14.0,14.0,0.0,0.9999999285714337,0.25
73,18,191,5.027226448059082,GRID-OP-01,2.8218212978183415,0.15676784987879674,0.09897575714100772,6.8688658164370295,6.0,10.0,9.0,9.0,0.0,0.9999998888889013,0.3333333333333333
74,34,369,5.018749237060547,GRID-OP-01,6.718060761915365,0.19759002240927545,0.0902405042412751,16.399436138265454,9.0,16.0,17.0,17.0,0.0,0.999999941176474,0.2647058823529412
75,26,26,5.034183025360107,GRID-OP-01,5.048328563767168,0.19416648322181415,0.09211691471714828,12.32766569062979,8.0,14.0,13.0,13.0,0.0,0.9999999230769291,0.3076923076923077
76,26,234,5.013014316558838,GRID-OP-01,4.2889483601679155,0.1649595523141506,0.08873770071924462,10.565947194599984,7.0,13.0,13.0,13.0,0.0,0.9999999230769291,0.2692307692307692
77,28,1045,5.026683330535889,GRID-OP-01,3.6577574428567243,0.13063419438774015,0.06432180517998168,8.992012256264166,6.0,14.0,14.0,14.0,0.0,0.9999999285714337,0.21428571428571427
78,22,334,5.071556806564331,GRID-OP-01,2.0842462790571643,0.0947384672298711,0.07216140428214596,5.058178027905953,5.0,11.0,11.0,11.0,0.0,0.9999999090909174,0.22727272727272727
79,18,179,5.024362087249756,GRID-OP-01,1.220380003905603,0.06779888910586683,0.04414530684274921,2.9829109145789667,4.0,10.0,9.0,9.0,0.0,0.9999998888889013,0.2222222222222222
80,6,24,165.02065896987915,GRID-OP-01,0.8451072949781803,0.1408512158296967,0.11458691323863666,2.0292691017845836,3.0,4.0,3.0,3.0,0.0,0.9999996666667778,0.5
81,6,13,5.0099499225616455,GRID-OP-01,1.7226950645300478,0.2871158440883413,0.0661444786678987,4.237941762450207,3.0,4.0,3.0,3.0,0.0,0.9999996666667778,0.5
82,10,144,5.008051156997681,GRID-OP-01,1.3807451414094816,0.13807451414094815,0.09264909859787283,3.3400959592579524,3.0,5.0,5.0,5.0,0.0,0.99999980000004,0.3
83,20,95,5.011513948440552,GRID-OP-01,3.3316981235770724,0.16658490617885363,0.06723795305834815,8.16436149995618,7.0,10.0,10.0,10.0,0.0,0.99999990000001,0.35
84,30,143,5.012566089630127,GRID-OP-01,4.478796319089977,0.14929321063633255,0.09365144504442238,10.86502709948875,9.0,13.0,15.0,15.0,0.0,0.9999999333333378,0.3
85,24,346,5.023177862167358,GRID-OP-01,3.7630888770684425,0.15679536987785178,0.0897494778716393,9.233983865452522,9.0,12.0,12.0,12.0,0.0,0.9999999166666736,0.375
86,28,661,5.025305509567261,GRID-OP-01,3.0710627305053797,0.10968081180376356,0.07217528547452108,7.545066380770497,10.0,14.0,14.0,14.0,0.0,0.9999999285714337,0.35714285714285715
87,38,1101,5.048577070236206,GRID-OP-01,5.08493900966882,0.13381418446496895,0.08966515232252256,12.325333939727523,10.0,16.0,19.0,19.0,0.0,0.9999999473684238,0.2631578947368421
88,24,227,5.091906309127808,GRID-OP-01,4.056136661603464,0.16900569423347767,0.06142775759287714,9.948051948165423,9.0,13.0,12.0,12.0,0.0,0.9999999166666736,0.375
89,34,442,5.030438423156738,GRID-OP-01,5.21557061290801,0.153399135673765,0.09669270855251633,12.764977921677264,10.0,16.0,17.0,17.0,0.0,0.999999941176474,0.29411764705882354
90,22,717,5.045702219009399,GRID-OP-01,4.359072012276156,0.19813963692164346,0.13979887601507923,10.549763270251105,6.0,12.0,11.0,11.0,0.0,0.9999999090909174,0.2727272727272727
91,24,125,5.0564305782318115,GRID-OP-01,4.08447367283141,0.17018640303464208,0.12841420414078059,10.013327505717552,7.0,13.0,12.0,12.0,0.0,0.9999999166666736,0.2916666666666667
92,14,173,5.0144524574279785,GRID-OP-01,3.0428336709689545,0.21734526221206818,0.10035983709200187,7.488281413553871,3.0,8.0,7.0,7.0,0.0,0.9999998571428775,0.21428571428571427
93,18,297,5.012728691101074,GRID-OP-01,1.3448829634524946,0.07471572019180525,0.06288488803131032,3.2724260126011195,5.0,9.0,9.0,9.0,0.0,0.9999998888889013,0.2777777777777778
94,18,164,5.0198516845703125,GRID-OP-01,1.257989603939165,0.0698883113299536,0.058433533147177925,3.077166938249264,4.0,9.0,9.0,9.0,0.0,0.9999998888889013,0.2222222222222222
95,6,420,5.015359163284302,GRID-OP-01,0.27118846225279514,0.04519807704213252,0.02857097201755502,0.6514255127462865,3.0,4.0,3.0,3.0,0.0,0.9999996666667778,0.5
96,2,0,160.0151171684265,GRID-OP-01,0.1397338441351878,0.0698669220675939,0.0,0.3446198068955413,2.0,2.0,1.0,1.0,0.0,0.9999990000010001,1.0
97,10,5,5.007810831069946,GRID-OP-01,1.3135476877361696,0.13135476877361696,0.05469162437448511,3.18748286853059,4.0,5.0,5.0,5.0,0.0,0.99999980000004,0.4
98,14,206,5.009717702865601,GRID-OP-01,2.2394262127831785,0.15995901519879846,0.11122246566196717,5.389170575437284,4.0,6.0,7.0,7.0,0.0,0.9999998571428775,0.2857142857142857
99,20,261,5.013089895248413,GRID-OP-01,2.448857950150175,0.12244289750750874,0.09586147047948701,6.060799884773525,7.0,9.0,10.0,10.0,0.0,0.99999990000001,0.35
100,16,345,5.018330812454224,GRID-OP-01,2.43806509675345,0.15237906854709063,0.083574040926267,5.970825079583236,8.0,9.0,8.0,8.0,0.0,0.9999998750000157,0.5
101,34,56,5.022542953491211,GRID-OP-01,4.885421890463925,0.1436888791312919,0.06760954673802794,11.88425877783691,9.0,13.0,17.0,17.0,0.0,0.999999941176474,0.2647058823529412
102,32,513,5.013526439666748,GRID-OP-01,4.8104491641233,0.15032653637885313,0.09258374627029908,11.754545237417787,12.0,15.0,16.0,16.0,0.0,0.9999999375000038,0.375
103,20,1224,5.047190189361572,GRID-OP-01,3.6302211233603856,0.18151105616801927,0.11151427859144822,8.976577079624983,7.0,11.0,10.0,10.0,0.0,0.99999990000001,0.35
104,32,223,5.064900159835815,GRID-OP-01,4.115060165975644,0.12859563018673886,0.07089499222681794,10.1220661970546,11.0,15.0,16.0,16.0,0.0,0.9999999375000038,0.34375
105,48,400,5.026950836181641,GRID-OP-01,6.531028879451899,0.1360631016552479,0.10856028203254571,15.97247137235814,14.0,21.0,24.0,24.0,0.0,0.999999958333335,0.2916666666666667
106,30,286,5.051840305328369,GRID-OP-01,3.9656270097195687,0.1321875669906523,0.11418746235742368,9.642027542510169,9.0,15.0,15.0,15.0,0.0,0.9999999333333378,0.3
107,28,98,5.028790235519409,GRID-OP-01,4.428407340967731,0.15815740503456183,0.0809806420466467,10.814253002179761,10.0,16.0,14.0,14.0,0.0,0.9999999285714337,0.35714285714285715
108,24,241,5.014532089233398,GRID-OP-01,3.16761179114273,0.13198382463094707,0.08519932363582193,7.722692809364492,7.0,12.0,12.0,12.0,0.0,0.9999999166666736,0.2916666666666667
109,20,285,5.020432233810425,GRID-OP-01,2.6544929915506974,0.13272464957753488,0.07947938813252989,6.444860492800817,4.0,10.0,10.0,10.0,0.0,0.99999990000001,0.2
110,24,139,5.022488594055176,GRID-OP-01,2.227479495186426,0.09281164563276774,0.07092923777152181,5.364404152463205,7.0,12.0,12.0,12.0,0.0,0.9999999166666736,0.2916666666666667
111,8,264,5.01516056060791,GRID-OP-01,0.4493545112796131,0.05616931390995164,0.03093404672497963,1.0955223548385251,2.0,5.0,4.0,4.0,0.0,0.9999997500000625,0.25
112,2,72,5.011613130569458,GRID-OP-01,0.1785138852043552,0.0892569426021776,0.0,0.4424207010128151,2.0,2.0,1.0,1.0,0.0,0.9999990000010001,1.0
113,2,242,160.01005697250366,GRID-OP-01,0.8359084758001568,0.4179542379000784,0.0,2.088992083703754,2.0,2.0,1.0,1.0,0.0,0.9999990000010001,1.0
114,4,162,5.009368896484375,GRID-OP-01,0.33828490171748543,0.08457122542937136,0.008937897636012736,0.825609091913833,3.0,3.0,2.0,2.0,0.0,0.99999950000025,0.75
115,22,20,5.012013912200928,GRID-OP-01,2.8569465614134972,0.12986120733697715,0.07869053463980265,6.923880339212228,8.0,11.0,11.0,11.0,0.0,0.9999999090909174,0.36363636363636365
116,20,135,5.009929895401001,GRID-OP-01,3.8148243780989817,0.19074121890494908,0.14066986976134366,9.19488170992417,6.0,10.0,10.0,10.0,0.0,0.99999990000001,0.3
117,10,484,5.012120485305786,GRID-OP-01,2.2463044207825202,0.22463044207825203,0.22132038628616463,5.518697518970634,5.0,6.0,5.0,5.0,0.0,0.99999980000004,0.5
118,26,64,5.022595643997192,GRID-OP-01,6.362855161257421,0.24472519850990082,0.16373221892363418,15.582815214031097,7.0,12.0,13.0,13.0,0.0,0.9999999230769291,0.2692307692307692
119,24,46,5.0136518478393555,GRID-OP-01,5.142207340863122,0.21425863920263008,0.06359247610226984,12.45682368244872,7.0,11.0,12.0,12.0,0.0,0.9999999166666736,0.2916666666666667
120,26,338,5.012360334396362,GRID-OP-01,5.917717066461851,0.22760450255622502,0.19391232063050293,14.47294473701906,8.0,12.0,13.0,13.0,0.0,0.9999999230769291,0.3076923076923077
121,34,200,5.032738924026489,GRID-OP-01,6.504782356454317,0.19131712813100932,0.12858113485205716,15.864805692855677,9.0,15.0,17.0,17.0,0.0,0.999999941176474,0.2647058823529412
122,30,469,5.027489900588989,GRID-OP-01,5.991985748634788,0.19973285828782625,0.12684926289420345,14.663643376512972,10.0,16.0,15.0,15.0,0.0,0.9999999333333378,0.3333333333333333
123,30,1564,5.040552616119385,GRID-OP-01,5.979893558998919,0.19932978529996395,0.12029020143912834,14.516417498753666,9.0,15.0,15.0,15.0,0.0,0.9999999333333378,0.3
124,28,329,5.108173847198486,GRID-OP-01,6.468657703523641,0.2310234894115586,0.1414429315704177,15.706502256471776,7.0,14.0,14.0,14.0,0.0,0.9999999285714337,0.25
125,22,123,5.030191659927368,GRID-OP-01,3.7724949361430316,0.17147704255195598,0.14284072615445778,9.21068175956186,5.0,10.0,11.0,11.0,0.0,0.9999999090909174,0.22727272727272727
126,28,60,5.016251564025879,GRID-OP-01,4.910553795203406,0.1753769212572645,0.13367803674959544,11.960432243025702,7.0,14.0,14.0,14.0,0.0,0.9999999285714337,0.25
127,22,121,5.016337633132935,GRID-OP-01,2.567286190608193,0.11669482684582695,0.07087059415588962,6.308565661744256,6.0,12.0,11.0,11.0,0.0,0.9999999090909174,0.2727272727272727
128,22,116,5.017419099807739,GRID-OP-01,1.630826396074606,0.07412847254884573,0.06521739452354132,4.026729683176794,6.0,12.0,11.0,11.0,0.0,0.9999999090909174,0.2727272727272727
129,6,45,5.0137786865234375,GRID-OP-01,0.41744457249857236,0.06957409541642873,0.04130086470012908,1.0099476488501171,2.0,4.0,3.0,3.0,0.0,0.9999996666667778,0.3333333333333333
130,8,362,165.01361298561096,GRID-OP-01,1.730029148973086,0.21625364362163574,0.18297721547529353,4.318471797390586,4.0,5.0,4.0,4.0,0.0,0.9999997500000625,0.5
131,10,47,5.018436431884766,GRID-OP-01,2.022299972231473,0.2022299972231473,0.18639463484431557,4.962086534766881,4.0,6.0,5.0,5.0,0.0,0.99999980000004,0.4
132,16,32,5.009539604187012,GRID-OP-01,3.7897059057151883,0.23685661910719927,0.1030232067327095,9.153682635537766,4.0,7.0,8.0,8.0,0.0,0.9999998750000157,0.25
133,22,58,5.011773586273193,GRID-OP-01,5.220446168583762,0.23729300766289826,0.17996480048504865,12.685206277378034,7.0,11.0,11.0,11.0,0.0,0.9999999090909174,0.3181818181818182
134,26,156,5.012812376022339,GRID-OP-01,5.915609643413963,0.22752344782361394,0.13827650992771753,14.387243978143355,9.0,14.0,13.0,13.0,0.0,0.9999999230769291,0.34615384615384615
135,26,958,5.018146514892578,GRID-OP-01,5.150427808866751,0.1980933772641058,0.11135749567888335,12.559599615173383,8.0,13.0,13.0,13.0,0.0,0.9999999230769291,0.3076923076923077
136,32,41,5.062067747116089,GRID-OP-01,6.871328382911161,0.21472901196597377,0.15130575807903754,16.888685604302204,9.0,14.0,16.0,16.0,0.0,0.9999999375000038,0.28125
137,26,247,5.011838674545288,GRID-OP-01,5.52241036423687,0.212400398624495,0.09775158561246763,13.573055197462256,9.0,13.0,13.0,13.0,0.0,0.9999999230769291,0.34615384615384615
138,40,108,5.024548292160034,GRID-OP-01,7.8337087754224015,0.19584271938556003,0.1303510965072693,19.0675793201489,12.0,19.0,20.0,20.0,0.0,0.9999999500000024,0.3
139,28,195,5.019953727722168,GRID-OP-01,6.8254918883006885,0.2437675674393103,0.14630176458441235,16.67758083892679,7.0,14.0,14.0,14.0,0.0,0.9999999285714337,0.25
140,20,77,5.020677328109741,GRID-OP-01,5.382022144904939,0.26910110724524694,0.1670317212579358,13.067852411528776,4.0,9.0,10.0,10.0,0.0,0.99999990000001,0.2
141,16,99,5.012892484664917,GRID-OP-01,4.36708871710897,0.27294304481931064,0.11867857462028812,10.646980813552315,3.0,8.0,8.0,8.0,0.0,0.9999998750000157,0.1875
142,28,97,5.016256093978882,GRID-OP-01,4.051964280807711,0.14471301002884682,0.12353576113718259,9.88745804585401,6.0,13.0,14.0,14.0,0.0,0.9999999285714337,0.21428571428571427
143,16,167,5.015984773635864,GRID-OP-01,2.702595120808579,0.1689121950505362,0.08392105559022132,6.51370972311495,4.0,9.0,8.0,8.0,0.0,0.9999998750000157,0.25
144,30,172,5.017453908920288,GRID-OP-01,2.4294124145803213,0.08098041381934404,0.05609879131468605,5.925056995827437,5.0,14.0,15.0,15.0,0.0,0.9999999333333378,0.16666666666666666
145,4,151,5.018433094024658,GRID-OP-01,0.2998170229785654,0.07495425574464135,0.03975274862880674,0.7435843896172486,2.0,3.0,2.0,2.0,0.0,0.99999950000025,0.5
146,4,162,165.0106008052826,GRID-OP-01,1.2707302103922293,0.31768255259805733,0.07183162726900223,3.1074568599839836,2.0,3.0,2.0,2.0,0.0,0.99999950000025,0.5
147,6,76,5.008979320526123,GRID-OP-01,1.9527423291222712,0.32545705485371185,0.1905540118368603,4.798406375095656,2.0,4.0,3.0,3.0,0.0,0.9999996666667778,0.3333333333333333
148,26,257,5.010422468185425,GRID-OP-01,4.806468798091913,0.18486418454199666,0.10083186066899191,11.713232715526821,8.0,11.0,13.0,13.0,0.0,0.9999999230769291,0.3076923076923077
149,16,362,5.026777505874634,GRID-OP-01,4.079320079153955,0.25495750494712216,0.15915134421079044,9.978141669049272,5.0,9.0,8.0,8.0,0.0,0.9999998750000157,0.3125
150,12,244,5.020657777786255,GRID-OP-01,2.609017554666606,0.2174181295555505,0.12290130576103288,6.343064065860192,5.0,7.0,6.0,6.0,0.0,0.9999998333333611,0.4166666666666667
151,38,36,5.0190675258636475,GRID-OP-01,8.05369611297458,0.21193937139406788,0.15199986642999203,19.656378416446916,10.0,17.0,19.0,19.0,0.0,0.9999999473684238,0.2631578947368421
152,22,365,5.0144569873809814,GRID-OP-01,6.394360446024234,0.2906527475465561,0.2333358832583107,15.723665900986513,6.0,11.0,11.0,11.0,0.0,0.9999999090909174,0.2727272727272727
153,20,245,5.02725625038147,GRID-OP-01,5.730130777635022,0.2865065388817511,0.21829505977168348,14.112517535901665,6.0,10.0,10.0,10.0,0.0,0.99999990000001,0.3
154,28,212,5.023236036300659,GRID-OP-01,7.201129122837827,0.2571831829584938,0.1591947588407814,17.513512462668167,7.0,13.0,14.0,14.0,0.0,0.9999999285714337,0.25
155,34,334,5.025286912918091,GRID-OP-01,6.157420766497328,0.18110061077933318,0.08422811470491387,15.068793740300755,9.0,16.0,17.0,17.0,0.0,0.999999941176474,0.2647058823529412
156,28,115,5.035854339599609,GRID-OP-01,4.902720771707701,0.17509717041813216,0.11249299162155907,11.958349949060016,5.0,13.0,14.0,14.0,0.0,0.9999999285714337,0.17857142857142858
157,28,201,5.017277956008911,GRID-OP-01,4.849569913473639,0.1731989254812014,0.11064592820982726,11.853660986947887,9.0,14.0,14.0,14.0,0.0,0.9999999285714337,0.32142857142857145
158,36,168,5.025418519973755,GRID-OP-01,4.708927841478548,0.1308035511521819,0.0789391649215706,11.443497253700164,9.0,17.0,18.0,18.0,0.0,0.9999999444444475,0.25
159,22,454,5.03087306022644,GRID-OP-01,2.25372461497002,0.10244202795318272,0.05845822758896194,5.523404666728882,6.0,12.0,11.0,11.0,0.0,0.9999999090909174,0.2727272727272727
160,20,485,5.034649610519409,GRID-OP-01,1.9705474173319915,0.09852737086659957,0.0577252117257447,4.794059887008053,4.0,11.0,10.0,10.0,0.0,0.99999990000001,0.2
161,6,45,5.029885292053223,GRID-OP-01,0.2546354292418537,0.042439238206975614,0.008612532471721779,0.617087490827499,3.0,4.0,3.0,3.0,0.0,0.9999996666667778,0.5
162,12,995,165.01155853271484,GRID-OP-01,2.1639173933902076,0.18032644944918397,0.09922265112465811,5.299685573670605,5.0,7.0,6.0,6.0,0.0,0.9999998333333611,0.4166666666666667
163,8,820,5.034337282180786,GRID-OP-01,0.9959551964573334,0.12449439955716668,0.1086491348865809,2.426654054648152,4.0,5.0,4.0,4.0,0.0,0.9999997500000625,0.5
164,18,30,5.027271509170532,GRID-OP-01,4.406291036603189,0.24479394647795497,0.20229561606002294,10.758888010990837,7.0,10.0,9.0,9.0,0.0,0.9999998888889013,0.3888888888888889
165,24,14,5.012694835662842,GRID-OP-01,4.996429465744116,0.2081845610726715,0.1133032021903812,12.112555240395702,9.0,13.0,12.0,12.0,0.0,0.9999999166666736,0.375
166,20,407,5.01254415512085,GRID-OP-01,6.410145979773863,0.3205072989886931,0.18157121994481035,15.454974437329394,6.0,11.0,10.0,10.0,0.0,0.99999990000001,0.3
167,32,107,5.029253005981445,GRID-OP-01,4.834143269854571,0.15106697718295534,0.10858041178488224,11.882056046837283,9.0,15.0,16.0,16.0,0.0,0.9999999375000038,0.28125
168,24,107,5.021122455596924,GRID-OP-01,6.814037831732875,0.2839182429888698,0.16079167810703285,16.57714817085703,6.0,12.0,12.0,12.0,0.0,0.9999999166666736,0.25
169,22,573,5.015699625015259,GRID-OP-01,5.075472143549162,0.23070327925223466,0.19847899313999293,12.379257252259187,8.0,12.0,11.0,11.0,0.0,0.9999999090909174,0.36363636363636365
170,26,22,5.03759765625,GRID-OP-01,6.9184005872499705,0.26609233027884505,0.18647574061462285,16.99983945591206,8.0,13.0,13.0,13.0,0.0,0.9999999230769291,0.3076923076923077
171,28,205,5.0152387619018555,GRID-OP-01,5.776434647925054,0.2063012374258948,0.12241740784894775,13.99671421429648,7.0,14.0,14.0,14.0,0.0,0.9999999285714337,0.25
172,34,670,5.0256125926971436,GRID-OP-01,6.820607343297116,0.2006060983322681,0.09033189524821456,16.69237586689491,7.0,16.0,17.0,17.0,0.0,0.999999941176474,0.20588235294117646
173,22,454,5.061025381088257,GRID-OP-01,4.118125040149652,0.18718750182498417,0.08385219528759562,10.097733772960678,4.0,10.0,11.0,11.0,0.0,0.9999999090909174,0.18181818181818182
174,34,125,5.035003900527954,GRID-OP-01,4.870101762525557,0.14323828713310463,0.08598642858140504,11.848556572955722,7.0,15.0,17.0,17.0,0.0,0.999999941176474,0.20588235294117646
175,18,196,5.021841764450073,GRID-OP-01,2.7816013729767923,0.1545334096098218,0.08997064983983595,6.803710496740776,3.0,10.0,9.0,9.0,0.0,0.9999998888889013,0.16666666666666666
176,18,303,5.0197227001190186,GRID-OP-01,1.7646878616430397,0.09803821453572442,0.03636251790319457,4.330135933499387,3.0,10.0,9.0,9.0,0.0,0.9999998888889013,0.16666666666666666
177,6,26,5.018832445144653,GRID-OP-01,0.2521020098416775,0.042017001640279585,0.008452769572787046,0.5689310331037383,2.0,4.0,3.0,3.0,0.0,0.9999996666667778,0.3333333333333333
178,2,52,160.01050853729248,GRID-OP-01,0.4426307358159224,0.2213153679079612,0.0,1.0739360471416184,2.0,2.0,1.0,1.0,0.0,0.9999990000010001,1.0
179,4,462,5.007511377334595,GRID-OP-01,0.7748933384829607,0.19372333462074018,0.12351348115353242,1.8949794925725825,3.0,3.0,2.0,2.0,0.0,0.99999950000025,0.75
180,16,33,5.018236398696899,GRID-OP-01,3.4197078972295323,0.21373174357684577,0.2068620241222603,8.374086269837878,5.0,8.0,8.0,8.0,0.0,0.9999998750000157,0.3125
181,16,1019,5.010801792144775,GRID-OP-01,3.9935354537739887,0.2495959658608743,0.1399981820648921,9.83018745490407,5.0,8.0,8.0,8.0,0.0,0.9999998750000157,0.3125
182,8,228,5.044177055358887,GRID-OP-01,2.4022281725322276,0.30027852156652846,0.15110292162397895,5.8567664437291125,3.0,5.0,4.0,4.0,0.0,0.9999997500000625,0.375
183,16,234,5.014959335327148,GRID-OP-01,4.8460900992013745,0.3028806312000859,0.21373705284875424,11.756689806615508,5.0,9.0,8.0,8.0,0.0,0.9999998750000157,0.3125
184,32,10,5.023556232452393,GRID-OP-01,6.911121997558395,0.21597256242369983,0.13934442957288354,16.72561761306165,9.0,15.0,16.0,16.0,0.0,0.9999999375000038,0.28125
185,36,678,5.014953374862671,GRID-OP-01,8.748940832319352,0.24302613423109312,0.210586343188232,21.370615601091647,8.0,14.0,18.0,18.0,0.0,0.9999999444444475,0.2222222222222222
186,22,415,5.059174060821533,GRID-OP-01,4.617541858040246,0.20988826627455665,0.12252865870311348,11.42644830890047,6.0,10.0,11.0,11.0,0.0,0.9999999090909174,0.2727272727272727
187,26,125,5.0318684577941895,GRID-OP-01,6.716834721211128,0.25833979696965875,0.11368793372060852,16.36390140671597,7.0,13.0,13.0,13.0,0.0,0.9999999230769291,0.2692307692307692
188,30,147,5.020007610321045,GRID-OP-01,6.251394935709837,0.2083798311903279,0.12204645024952822,15.219791234646722,8.0,15.0,15.0,15.0,0.0,0.9999999333333378,0.26666666666666666
189,30,115,5.0202460289001465,GRID-OP-01,4.460045249429475,0.1486681749809825,0.06549109435003544,10.929363181288812,9.0,14.0,15.0,15.0,0.0,0.9999999333333378,0.3
190,34,88,5.023196458816528,GRID-OP-01,6.991540761571055,0.20563355181091336,0.11721385273675218,17.10241444785601,8.0,17.0,17.0,17.0,0.0,0.999999941176474,0.23529411764705882
191,20,40,5.021009206771851,GRID-OP-01,2.9213075726664477,0.1460653786333224,0.10117073133018457,7.134041536952498,4.0,10.0,10.0,10.0,0.0,0.99999990000001,0.2
192,30,278,5.0165064334869385,GRID-OP-01,3.851045757866162,0.12836819192887206,0.07574193598375858,9.413492824085452,5.0,14.0,15.0,15.0,0.0,0.9999999333333378,0.16666666666666666
193,18,375,5.028801918029785,GRID-OP-01,0.9444612075461034,0.052470067085894634,0.03323624041012515,2.3243944032825214,4.0,10.0,9.0,9.0,0.0,0.9999998888889013,0.2222222222222222
194,2,115,5.022761344909668,GRID-OP-01,0.11698531938083735,0.058492659690418676,0.0,0.29115415049800797,2.0,2.0,1.0,1.0,0.0,0.9999990000010001,1.0
195,2,93,160.01302981376648,GRID-OP-01,0.09625648055882828,0.04812824027941414,0.0,0.23363029073823927,2.0,2.0,1.0,1.0,0.0,0.9999990000010001,1.0
196,16,486,5.0092222690582275,GRID-OP-01,2.1081932013326323,0.13176207508328952,0.10918536067373291,5.224071878662029,7.0,9.0,8.0,8.0,0.0,0.9999998750000157,0.4375
197,20,77,10.035740613937378,GRID-OP-01,4.364030531303939,0.21820152656519695,0.25739277232762703,10.772014698695823,6.0,10.0,10.0,10.0,0.0,0.99999990000001,0.3
198,30,115,5.015888214111328,GRID-OP-01,4.797565589826793,0.15991885299422645,0.08794892601563845,11.683739842196607,9.0,13.0,15.0,15.0,0.0,0.9999999333333378,0.3
199,12,189,5.017960071563721,GRID-OP-01,2.372752627377324,0.19772938561477701,0.18388928066132115,5.8067652412711945,4.0,6.0,6.0,6.0,0.0,0.9999998333333611,0.3333333333333333
200,32,92,5.016124963760376,GRID-OP-01,4.923480936166936,0.15385877925521674,0.09661641395376976,12.160796829227424,10.0,14.0,16.0,16.0,0.0,0.9999999375000038,0.3125
201,24,176,5.01799464225769,GRID-OP-01,4.286835381082858,0.1786181408784524,0.1593381092575407,10.4262260080556,9.0,12.0,12.0,12.0,0.0,0.9999999166666736,0.375
202,42,18,5.023367166519165,GRID-OP-01,6.653976280847733,0.15842800668685078,0.1150409038741296,16.128146138008233,13.0,20.0,21.0,21.0,0.0,0.9999999523809546,0.30952380952380953
203,24,495,5.016143321990967,GRID-OP-01,4.890020643740258,0.2037508601558441,0.11753177092715152,11.95963683119531,6.0,12.0,12.0,12.0,0.0,0.9999999166666736,0.25
204,32,89,5.038548231124878,GRID-OP-01,3.6776323287296644,0.11492601027280201,0.08560870187621035,8.884909773704855,10.0,16.0,16.0,16.0,0.0,0.9999999375000038,0.3125
205,22,143,5.019372463226318,GRID-OP-01,3.413983496652633,0.15518106802966514,0.09773064216804753,8.277735342541009,6.0,11.0,11.0,11.0,0.0,0.9999999090909174,0.2727272727272727
206,26,730,5.020340919494629,GRID-OP-01,3.7221371312380764,0.14315912043223372,0.06649441324458659,9.05650793575101,7.0,12.0,13.0,13.0,0.0,0.9999999230769291,0.2692307692307692
207,18,651,5.054655075073242,GRID-OP-01,2.028214557325323,0.1126785865180735,0.07757656311175387,5.019087161651576,6.0,10.0,9.0,9.0,0.0,0.9999998888889013,0.3333333333333333
208,14,250,5.037735223770142,GRID-OP-01,1.2281960127965854,0.08772828662832753,0.0343815063306987,3.0304810332141043,4.0,8.0,7.0,7.0,0.0,0.9999998571428775,0.2857142857142857
209,10,143,5.0202414989471436,GRID-OP-01,0.8430441586896051,0.08430441586896051,0.041317476519942116,2.07039120856445,2.0,6.0,5.0,5.0,0.0,0.99999980000004,0.2
210,2,35,165.01454830169678,GRID-OP-01,0.07308862647667552,0.03654431323833776,0.0,0.1771831665115844,2.0,2.0,1.0,1.0,0.0,0.9999990000010001,1.0
211,14,915,5.011663198471069,GRID-OP-01,1.696803532651577,0.1212002523322555,0.04151608652321447,4.226233014012999,5.0,7.0,7.0,7.0,0.0,0.9999998571428775,0.35714285714285715
212,12,3,5.03489351272583,GRID-OP-01,1.8719049509958237,0.15599207924965197,0.09269230774170428,4.557772073977735,6.0,7.0,6.0,6.0,0.0,0.9999998333333611,0.5
213,20,594,5.010846853256226,GRID-OP-01,2.9262327732451694,0.14631163866225846,0.09356240059394255,7.2552586414390685,5.0,8.0,10.0,10.0,0.0,0.99999990000001,0.25
214,10,325,5.034782409667969,GRID-OP-01,1.5919366556993446,0.15919366556993447,0.1092138990857792,3.875817734616062,5.0,6.0,5.0,5.0,0.0,0.99999980000004,0.5
215,44,502,5.023754596710205,GRID-OP-01,5.518380905680265,0.12541774785636964,0.09002046252406977,13.442330579605683,14.0,18.0,22.0,22.0,0.0,0.9999999545454565,0.3181818181818182
216,34,635,5.056812763214111,GRID-OP-01,4.8611539497566705,0.14297511616931383,0.09863477202448347,11.954354597470065,9.0,14.0,17.0,17.0,0.0,0.999999941176474,0.2647058823529412
217,12,50,5.052770376205444,GRID-OP-01,2.385085377090256,0.19875711475752134,0.09473541536663342,5.748430242431825,5.0,7.0,6.0,6.0,0.0,0.9999998333333611,0.4166666666666667
218,40,201,5.014662981033325,GRID-OP-01,6.562647237374366,0.16406618093435915,0.11906734450787938,15.866903857994398,11.0,16.0,20.0,20.0,0.0,0.9999999500000024,0.275
219,44,745,5.029916763305664,GRID-OP-01,4.619647117441357,0.10499197994184901,0.07005127081917692,11.344429712235614,13.0,19.0,22.0,22.0,0.0,0.9999999545454565,0.29545454545454547
220,32,485,5.078700304031372,GRID-OP-01,4.144445952613589,0.12951393601917466,0.0992073038538175,10.185170292235068,8.0,14.0,16.0,16.0,0.0,0.9999999375000038,0.25
221,26,961,5.053980112075806,GRID-OP-01,3.021033915775559,0.11619361214521381,0.09970205784042409,7.348548091132324,8.0,13.0,13.0,13.0,0.0,0.9999999230769291,0.3076923076923077
222,30,37,5.064814329147339,GRID-OP-01,2.894340594453815,0.09647801981512717,0.05395916216078443,7.132363681674828,8.0,14.0,15.0,15.0,0.0,0.9999999333333378,0.26666666666666666
223,22,422,5.015231609344482,GRID-OP-01,2.3580237745218544,0.10718289884190248,0.06698726062961553,5.749882900102223,6.0,12.0,11.0,11.0,0.0,0.9999999090909174,0.2727272727272727
224,8,163,5.031599998474121,GRID-OP-01,0.7456941037324232,0.0932117629665529,0.040703608222837695,1.8352883406728133,2.0,5.0,4.0,4.0,0.0,0.9999997500000625,0.25
225,6,51,5.013058423995972,GRID-OP-01,0.38343343038741473,0.06390557173123579,0.006653788117775493,0.9466864111212785,2.0,4.0,3.0,3.0,0.0,0.9999996666667778,0.3333333333333333
226,2,154,160.01163458824158,GRID-OP-01,0.36597166483682075,0.18298583241841038,0.0,0.909912556731745,2.0,2.0,1.0,1.0,0.0,0.9999990000010001,1.0
227,8,57,5.009589195251465,GRID-OP-01,1.5222127794495628,0.19027659743119535,0.08632901265782846,3.6551242129459207,4.0,5.0,4.0,4.0,0.0,0.9999997500000625,0.5
228,4,318,5.011748790740967,GRID-OP-01,0.6822596422753298,0.17056491056883244,0.0906265378785906,1.6317337214324605,3.0,3.0,2.0,2.0,0.0,0.99999950000025,0.75
229,14,62,5.013394832611084,GRID-OP-01,3.54731846454792,0.2533798903248514,0.21046133486916888,8.630245612606412,4.0,7.0,7.0,7.0,0.0,0.9999998571428775,0.2857142857142857
230,14,219,5.014716625213623,GRID-OP-01,3.018803217857417,0.2156288012755298,0.14746924273608186,7.257447950497469,5.0,8.0,7.0,7.0,0.0,0.9999998571428775,0.35714285714285715
231,22,366,5.0188798904418945,GRID-OP-01,3.1302766708418663,0.14228530322008484,0.11575698800667775,7.641295027533243,9.0,12.0,11.0,11.0,0.0,0.9999999090909174,0.4090909090909091
232,36,218,5.03278112411499,GRID-OP-01,5.530933453005905,0.15363704036127512,0.0753362781909211,13.42550086993774,11.0,16.0,18.0,18.0,0.0,0.9999999444444475,0.3055555555555556
233,28,97,5.030368328094482,GRID-OP-01,6.447783434055708,0.23027797978770387,0.163032343135047,15.76626447537072,7.0,13.0,14.0,14.0,0.0,0.9999999285714337,0.25
234,40,2,5.0208799839019775,GRID-OP-01,7.380537344513829,0.18451343361284572,0.09516149368912773,18.08355436463862,11.0,17.0,20.0,20.0,0.0,0.9999999500000024,0.275
235,26,242,5.013155221939087,GRID-OP-01,5.985117834414088,0.23019683978515723,0.13511511541793028,14.876635925596164,9.0,14.0,13.0,13.0,0.0,0.9999999230769291,0.34615384615384615
236,44,592,5.028035879135132,GRID-OP-01,7.115998377621399,0.1617272358550318,0.0952557355568435,17.397025196195518,13.0,20.0,22.0,22.0,0.0,0.9999999545454565,0.29545454545454547
237,26,247,5.063822984695435,GRID-OP-01,5.141809022076242,0.19776188546447082,0.12767600107849383,12.769491618533067,10.0,14.0,13.0,13.0,0.0,0.9999999230769291,0.38461538461538464
238,26,147,5.02721095085144,GRID-OP-01,5.115427101982651,0.19674719623010198,0.10528929713546871,12.454534356226723,7.0,13.0,13.0,13.0,0.0,0.9999999230769291,0.2692307692307692
239,16,591,5.021349668502808,GRID-OP-01,3.9495096509988374,0.24684435318742734,0.10405976441156806,9.712274575719798,4.0,9.0,8.0,8.0,0.0,0.9999998750000157,0.25
240,28,582,5.034517288208008,GRID-OP-01,3.7026670188083024,0.13223810781458223,0.09459789702434172,9.061333619335477,8.0,14.0,14.0,14.0,0.0,0.9999999285714337,0.2857142857142857
241,22,68,5.04809832572937,GRID-OP-01,2.6286187587547434,0.11948267085248833,0.06978065942084063,6.4788655997621944,5.0,12.0,11.0,11.0,0.0,0.9999999090909174,0.22727272727272727
242,10,475,5.013182640075684,GRID-OP-01,0.5821973521364157,0.058219735213641564,0.04277053961556093,1.4349059498243948,3.0,6.0,5.0,5.0,0.0,0.99999980000004,0.3
243,2,175,5.017529487609863,GRID-OP-01,0.07288150228123134,0.03644075114061567,0.0,0.12535637673603867,2.0,2.0,1.0,1.0,0.0,0.9999990000010001,1.0
244,6,54,160.01422929763794,GRID-OP-01,1.2460536795638395,0.2076756132606399,0.07667924880085716,3.1039070618489175,3.0,4.0,3.0,3.0,0.0,0.9999996666667778,0.5
245,14,144,5.011057615280151,GRID-OP-01,2.298556135977745,0.16418258114126752,0.09844345762587565,5.6431285979316215,6.0,8.0,7.0,7.0,0.0,0.9999998571428775,0.42857142857142855
246,8,150,5.014660120010376,GRID-OP-01,2.6372513781917237,0.32965642227396547,0.10037692191491011,6.402178611965612,3.0,5.0,4.0,4.0,0.0,0.9999997500000625,0.375
247,10,178,5.0136919021606445,GRID-OP-01,3.074531977456625,0.3074531977456625,0.24152846804312694,7.495821623586604,3.0,6.0,5.0,5.0,0.0,0.99999980000004,0.3
248,30,349,5.0192952156066895,GRID-OP-01,6.744769921070098,0.22482566403566995,0.11997354553214727,16.333998402186495,11.0,16.0,15.0,15.0,0.0,0.9999999333333378,0.36666666666666664
249,12,132,5.033814907073975,GRID-OP-01,4.265416456664155,0.35545137138867955,0.21624515294608188,10.483646868948272,4.0,7.0,6.0,6.0,0.0,0.9999998333333611,0.3333333333333333
250,30,129,5.01897120475769,GRID-OP-01,6.963316458767952,0.2321105486255984,0.16629811685958626,16.966899866726198,8.0,15.0,15.0,15.0,0.0,0.9999999333333378,0.26666666666666666
251,24,199,5.023067474365234,GRID-OP-01,5.268894598637167,0.2195372749432153,0.17860295888473718,12.82306389452584,6.0,12.0,12.0,12.0,0.0,0.9999999166666736,0.25
252,32,326,5.026601314544678,GRID-OP-01,5.925795237635083,0.18518110117609635,0.1081133586267156,14.4763902518318,10.0,16.0,16.0,16.0,0.0,0.9999999375000038,0.3125
253,22,18,5.036310911178589,GRID-OP-01,4.326476682097144,0.19665803100441562,0.11384756410764567,10.536890119927426,8.0,12.0,11.0,11.0,0.0,0.9999999090909174,0.36363636363636365
254,22,315,5.016827583312988,GRID-OP-01,6.690843761508089,0.3041292618867313,0.13975941193891492,16.186890856394676,4.0,11.0,11.0,11.0,0.0,0.9999999090909174,0.18181818181818182
255,24,194,5.029294729232788,GRID-OP-01,5.147776284685348,0.21449067852855616,0.10926471049743043,12.530594434803517,6.0,13.0,12.0,12.0,0.0,0.9999999166666736,0.25
256,26,198,5.026265621185303,GRID-OP-01,4.230316170168634,0.162704468083409,0.09201804148123331,10.316630808826952,6.0,14.0,13.0,13.0,0.0,0.9999999230769291,0.23076923076923078
257,26,888,5.029847621917725,GRID-OP-01,2.8997262400972375,0.11152793231143221,0.0705915663551567,7.091165419590164,5.0,11.0,13.0,13.0,0.0,0.9999999230769291,0.19230769230769232
258,30,75,5.064896106719971,GRID-OP-01,3.195383219141811,0.1065127739713937,0.0744809471997872,8.823911088956908,8.0,14.0,14.0,16.0,0.0,0.8749999453125034,0.26666666666666666
259,11,289,5.018400430679321,GRID-OP-01,0.7349154396122596,0.06681049451020542,0.050529242767392145,1.9801768503745796,2.0,7.0,5.0,6.0,0.0,0.8333331944444675,0.18181818181818182
260,2,428,160.02006816864014,GRID-OP-01,0.057141441798589925,0.028570720899294962,0.0,0.13850012024721847,2.0,2.0,1.0,1.0,0.0,0.9999990000010001,1.0
261,10,347,5.013174772262573,GRID-OP-01,1.5459934409905443,0.15459934409905443,0.07284839191570204,3.7807071214123504,4.0,6.0,5.0,5.0,0.0,0.99999980000004,0.4
262,8,175,5.017226934432983,GRID-OP-01,2.1531989883952973,0.26914987354941217,0.1936639272870727,5.273366851770936,4.0,5.0,4.0,4.0,0.0,0.9999997500000625,0.5
263,20,110,5.015166521072388,GRID-OP-01,3.478073012810903,0.17390365064054517,0.11347867714973213,8.499870073024422,6.0,10.0,10.0,10.0,0.0,0.99999990000001,0.3
264,24,341,5.016911506652832,GRID-OP-01,4.695255520040446,0.1956356466683519,0.11909575898714973,11.557426020905025,7.0,10.0,12.0,12.0,0.0,0.9999999166666736,0.2916666666666667
265,11,368,5.03041410446167,GRID-OP-01,3.0506770807128194,0.27733428006480176,0.1492730506523797,10.0902772443427,3.0,6.0,4.0,7.0,0.0,0.57142848979593,0.2727272727272727
266,30,53,5.028709888458252,GRID-OP-01,5.698477365338459,0.18994924551128195,0.14088012488753893,15.697567231579423,7.0,15.0,14.0,16.0,0.0,0.8749999453125034,0.23333333333333334
267,30,226,5.017520189285278,GRID-OP-01,5.89948280570181,0.196649426856727,0.13273070433160714,14.263647924179045,9.0,14.0,15.0,15.0,0.0,0.9999999333333378,0.3
268,21,319,5.029381513595581,GRID-OP-01,4.698427319280628,0.22373463425145848,0.11271790077088932,14.064845599699916,7.0,12.0,9.0,12.0,0.0,0.7499999375000053,0.3333333333333333
269,20,124,5.029988765716553,GRID-OP-01,4.82112074925678,0.241056037462839,0.15704806903387733,11.851273495618937,6.0,11.0,10.0,10.0,0.0,0.99999990000001,0.3
270,38,4,5.0248894691467285,GRID-OP-01,7.514841458992344,0.19775898576295642,0.12143758779293062,18.880780347928773,8.0,17.0,18.0,20.0,0.0,0.8999999550000022,0.21052631578947367
271,24,166,5.016793966293335,GRID-OP-01,5.508496847879806,0.22952070199499194,0.1525034828150114,13.361816811411666,6.0,13.0,12.0,12.0,0.0,0.9999999166666736,0.25
272,32,225,5.02882981300354,GRID-OP-01,5.473025094275419,0.17103203419610685,0.12285683784112027,14.776019560358122,5.0,14.0,15.0,17.0,0.0,0.8823528892733594,0.15625
273,28,106,5.032259941101074,GRID-OP-01,4.363960132437746,0.15585571901563378,0.09419883327420134,11.302053096392662,6.0,14.0,13.0,15.0,0.0,0.8666666088888928,0.21428571428571427
274,24,246,5.02315878868103,GRID-OP-01,2.9224688215486396,0.12176953423119331,0.07099484630919338,7.048113340457706,5.0,11.0,12.0,12.0,0.0,0.9999999166666736,0.20833333333333334
275,20,15,5.029017210006714,GRID-OP-01,2.4232853486768846,0.12116426743384423,0.07640992848269357,5.940428057656682,3.0,11.0,10.0,10.0,0.0,0.99999990000001,0.15
276,9,200,5.014235973358154,GRID-OP-01,0.5099339156529362,0.05665932396143736,0.025494115006632286,1.8847772110665586,2.0,4.0,3.0,6.0,0.0,0.49999991666668053,0.2222222222222222
277,6,97,165.01685881614685,GRID-OP-01,1.265165968813013,0.21086099480216883,0.052677314622958875,3.0923889381448397,2.0,3.0,3.0,3.0,0.0,0.9999996666667778,0.3333333333333333
278,14,26,5.014619588851929,GRID-OP-01,2.6622029854310263,0.19015735610221615,0.12763686528605733,6.441756022852948,6.0,8.0,7.0,7.0,0.0,0.9999998571428775,0.42857142857142855
279,13,171,5.014632701873779,GRID-OP-01,3.0183396697736535,0.23217997459797335,0.1458293975905752,10.187452967794961,4.0,7.0,5.0,8.0,0.0,0.6249999218750099,0.3076923076923077
280,11,286,5.016604423522949,GRID-OP-01,2.1951411805310053,0.1995582891391823,0.14920664334070305,6.096937734418907,4.0,7.0,5.0,6.0,0.0,0.8333331944444675,0.36363636363636365
281,20,113,5.019705057144165,GRID-OP-01,4.149736622341332,0.20748683111706662,0.15145030012985222,10.210440213765278,7.0,10.0,10.0,10.0,0.0,0.99999990000001,0.35
282,27,289,5.020690202713013,GRID-OP-01,5.892716996844673,0.2182487776609138,0.08460928480382812,16.029279594958183,8.0,14.0,12.0,15.0,0.0,0.7999999466666703,0.2962962962962963
283,26,204,5.03354287147522,GRID-OP-01,5.033220318061394,0.19358539684851517,0.09910096978040248,12.262484448520095,6.0,12.0,13.0,13.0,0.0,0.9999999230769291,0.23076923076923078
284,31,589,5.028464078903198,GRID-OP-01,6.60612525920638,0.21310081481310905,0.19102333018913759,16.822150527708487,8.0,16.0,15.0,16.0,0.0,0.9374999414062536,0.25806451612903225
285,24,55,5.052304029464722,GRID-OP-01,4.9287102300309105,0.20536292625128794,0.15460332142062444,13.862009694435924,6.0,12.0,11.0,13.0,0.0,0.8461537810650938,0.25
286,42,0,5.021893501281738,GRID-OP-01,7.58211228817782,0.18052648305185284,0.13289364460245123,18.620137755554726,11.0,18.0,21.0,21.0,0.0,0.9999999523809546,0.2619047619047619
287,12,385,5.02105975151062,GRID-OP-01,2.7609331588987978,0.23007776324156648,0.12087016636236761,6.726767134199473,4.0,7.0,6.0,6.0,0.0,0.9999998333333611,0.3333333333333333
288,34,358,5.029219388961792,GRID-OP-01,6.144928505595361,0.18073319134104004,0.12522212559109067,14.942262218998831,9.0,17.0,17.0,17.0,0.0,0.999999941176474,0.2647058823529412
289,28,152,5.041590690612793,GRID-OP-01,5.121226862255623,0.18290095936627226,0.1387970265757931,12.46430011587657,7.0,15.0,14.0,14.0,0.0,0.9999999285714337,0.25
290,24,110,5.028506755828857,GRID-OP-01,3.589748268581867,0.14957284452424446,0.07022910738395323,8.790623226475088,6.0,14.0,12.0,12.0,0.0,0.9999999166666736,0.25
291,18,779,5.022912502288818,GRID-OP-01,2.0267645482383636,0.11259803045768686,0.071997471920804,4.937058524628909,3.0,10.0,9.0,9.0,0.0,0.9999998888889013,0.16666666666666666
292,8,106,5.040919780731201,GRID-OP-01,0.5634132110272644,0.07042665137840805,0.028882145956414466,1.357291824728568,3.0,5.0,4.0,4.0,0.0,0.9999997500000625,0.375
293,6,30,160.01571321487427,GRID-OP-01,0.7892263688892786,0.1315377281482131,0.08878322482922697,1.9218468854763504,3.0,4.0,3.0,3.0,0.0,0.9999996666667778,0.5
294,2,83,5.0105040073394775,GRID-OP-01,0.7464445160465775,0.37322225802328873,0.0,1.7781974489772632,2.0,2.0,1.0,1.0,0.0,0.9999990000010001,1.0
295,12,201,5.014187574386597,GRID-OP-01,2.6973531526215746,0.2247794293851312,0.1709341769454837,6.604163377184264,4.0,6.0,6.0,6.0,0.0,0.9999998333333611,0.3333333333333333
296,18,501,5.018529176712036,GRID-OP-01,3.375590438386331,0.18753280213257395,0.1399387317393059,8.260227573305094,6.0,10.0,9.0,9.0,0.0,0.9999998888889013,0.3333333333333333
297,22,263,5.035093545913696,GRID-OP-01,5.62658803814793,0.2557540017339968,0.1803754376407234,13.880539879057732,8.0,12.0,11.0,11.0,0.0,0.9999999090909174,0.36363636363636365
298,20,224,5.0254621505737305,GRID-OP-01,4.28975980338223,0.21448799016911152,0.11065393147400675,10.554520683572221,7.0,10.0,10.0,10.0,0.0,0.99999990000001,0.35
299,24,448,5.025761127471924,GRID-OP-01,4.841963615232315,0.20174848396801312,0.18186196011370323,11.893996572889804,6.0,12.0,12.0,12.0,0.0,0.9999999166666736,0.25
300,31,215,5.037304162979126,GRID-OP-01,5.257241376084762,0.16958843148660524,0.14512937581792945,13.586921263516931,9.0,15.0,15.0,16.0,0.0,0.9374999414062536,0.2903225806451613
301,28,173,5.029752492904663,GRID-OP-01,6.1749444958550415,0.2205337319948229,0.09484669958226254,15.06369925694773,7.0,12.0,14.0,14.0,0.0,0.9999999285714337,0.25
302,35,214,5.028508424758911,GRID-OP-01,8.959445213563132,0.2559841489589466,0.16864281572104392,22.17994477330246,9.0,16.0,17.0,18.0,0.0,0.9444443919753115,0.2571428571428571
303,17,309,5.030368328094482,GRID-OP-01,3.809951715632213,0.22411480680189488,0.11909346802519702,12.623370234714853,5.0,9.0,6.0,11.0,0.0,0.5454544958677732,0.29411764705882354
304,32,55,5.029857158660889,GRID-OP-01,5.033963105542109,0.1573113470481909,0.10188010052021677,12.266771081720771,9.0,16.0,16.0,16.0,0.0,0.9999999375000038,0.28125
305,24,8,5.022636890411377,GRID-OP-01,4.769010911635517,0.1987087879848132,0.14002055340815434,11.557770032321113,7.0,12.0,12.0,12.0,0.0,0.9999999166666736,0.2916666666666667
306,36,116,5.0215370655059814,GRID-OP-01,5.50028797010139,0.1527857769472608,0.12108408427275691,13.411461300946018,7.0,15.0,18.0,18.0,0.0,0.9999999444444475,0.19444444444444445
307,13,132,5.027153253555298,GRID-OP-01,1.8923272336257297,0.14556363335582537,0.06320466157951853,6.81975305577184,2.0,6.0,4.0,9.0,0.0,0.44444439506173394,0.15384615384615385
308,17,162,5.0235819816589355,GRID-OP-01,1.816842173380323,0.10687306902237194,0.07637376112065954,6.065554561869629,3.0,7.0,5.0,12.0,0.0,0.41666663194444736,0.17647058823529413
309,6,82,5.019270658493042,GRID-OP-01,0.4880027489472709,0.08133379149121182,0.020456337950992103,1.1768664591243516,2.0,4.0,3.0,3.0,0.0,0.9999996666667778,0.3333333333333333
310,2,24,165.01498532295227,GRID-OP-01,0.333891008474119,0.1669455042370595,0.0,0.8221247624726995,2.0,2.0,1.0,1.0,0.0,0.9999990000010001,1.0
311,16,193,5.01144552230835,GRID-OP-01,2.36264916939211,0.14766557308700687,0.09743700438453307,5.8647706263868065,7.0,9.0,8.0,8.0,0.0,0.9999998750000157,0.4375
312,20,159,5.021524429321289,GRID-OP-01,3.480956011135118,0.1740478005567559,0.1424573314481519,8.54988948264482,7.0,10.0,10.0,10.0,0.0,0.99999990000001,0.35
313,6,418,5.019315004348755,GRID-OP-01,2.002115724331017,0.3336859540551695,0.13044486213415768,4.81538038849635,3.0,4.0,3.0,3.0,0.0,0.9999996666667778,0.5
314,28,64,5.020858526229858,GRID-OP-01,4.310744829567359,0.15395517248454854,0.10926776413734257,10.542622040276036,10.0,14.0,14.0,14.0,0.0,0.9999999285714337,0.35714285714285715
315,22,8,5.01880669593811,GRID-OP-01,3.896830094607855,0.1771286406639934,0.10416185355762735,9.38741140192612,6.0,10.0,11.0,11.0,0.0,0.9999999090909174,0.2727272727272727
316,32,433,5.01842999458313,GRID-OP-01,4.37448732420868,0.13670272888152124,0.09059032279281184,11.308220644221041,10.0,16.0,15.0,17.0,0.0,0.8823528892733594,0.3125
317,35,24,5.04673433303833,GRID-OP-01,4.048588322007689,0.11567395205736253,0.07060572361064102,10.1131554151434,8.0,15.0,17.0,18.0,0.0,0.9444443919753115,0.22857142857142856
318,31,432,5.021986246109009,GRID-OP-01,5.148271246986075,0.16607326603180889,0.1048925139049242,12.926309221645669,10.0,16.0,15.0,16.0,0.0,0.9374999414062536,0.3225806451612903
319,20,646,5.043769598007202,GRID-OP-01,4.66319933602102,0.23315996680105103,0.1877342783201138,11.343086007817298,6.0,11.0,10.0,10.0,0.0,0.99999990000001,0.3
320,35,427,5.045878648757935,GRID-OP-01,4.322811648429595,0.12350890424084557,0.09885936164618979,10.854333515114954,9.0,16.0,17.0,18.0,0.0,0.9444443919753115,0.2571428571428571
321,24,255,5.044588088989258,GRID-OP-01,2.5952635119005834,0.1081359796625243,0.08483556167357977,6.685322691506254,6.0,11.0,11.0,13.0,0.0,0.8461537810650938,0.25
322,16,236,5.033820390701294,GRID-OP-01,2.4130719059444443,0.15081699412152777,0.09293115793961802,7.863169453070981,4.0,7.0,5.0,11.0,0.0,0.4545454132231443,0.25
323,22,26,5.031790256500244,GRID-OP-01,2.140001741620822,0.09727280643731008,0.0555717703645237,5.192232404524473,4.0,11.0,11.0,11.0,0.0,0.9999999090909174,0.18181818181818182
324,8,1092,5.0156731605529785,GRID-OP-01,0.4258878314364237,0.053235978929552966,0.01779416734985616,1.028390803220099,2.0,5.0,4.0,4.0,0.0,0.9999997500000625,0.25
325,2,61,5.03039288520813,GRID-OP-01,0.1305336939716032,0.0652668469858016,0.0,0.3185317364363499,2.0,2.0,1.0,1.0,0.0,0.9999990000010001,1.0
326,6,270,160.01377654075623,GRID-OP-01,0.5652595145655105,0.09420991909425175,0.059341304091073944,1.4033691964345336,4.0,4.0,3.0,3.0,0.0,0.9999996666667778,0.6666666666666666
327,12,379,5.02042293548584,GRID-OP-01,1.7131504065447039,0.1427625338787253,0.08503415080764189,4.176885729351392,5.0,7.0,6.0,6.0,0.0,0.9999998333333611,0.4166666666666667
328,18,408,5.022299528121948,GRID-OP-01,1.8121942708050285,0.10067745948916824,0.07099063508640976,4.367082704116771,7.0,9.0,9.0,9.0,0.0,0.9999998888889013,0.3888888888888889
329,16,198,5.028720855712891,GRID-OP-01,2.5737907462162273,0.1608619216385142,0.10963345637239598,6.206597582564659,7.0,9.0,8.0,8.0,0.0,0.9999998750000157,0.4375
330,34,443,5.022301435470581,GRID-OP-01,4.567259722200942,0.1343311683000277,0.08601585191464509,11.245646976386709,12.0,16.0,17.0,17.0,0.0,0.999999941176474,0.35294117647058826
331,17,384,5.043041229248047,GRID-OP-01,2.313212341165538,0.13607131418620813,0.06487070018231943,6.193593801670792,8.0,10.0,8.0,9.0,0.0,0.8888887901234679,0.47058823529411764
332,19,135,5.030065298080444,GRID-OP-01,3.651011311026358,0.19215849005401883,0.08137683947648901,9.666720733500732,6.0,10.0,9.0,10.0,0.0,0.8999999100000091,0.3157894736842105
333,37,48,5.02081298828125,GRID-OP-01,4.875564866822504,0.13177202342763525,0.07259217848816692,12.583892723792646,11.0,16.0,18.0,19.0,0.0,0.9473683711911383,0.2972972972972973
334,37,127,5.0243189334869385,GRID-OP-01,5.029443440957017,0.13593090380964912,0.08914259053497492,12.775495183403208,11.0,19.0,18.0,19.0,0.0,0.9473683711911383,0.2972972972972973
335,32,400,5.029280424118042,GRID-OP-01,5.27756612398416,0.164923941374505,0.0929290930606498,12.93839603672816,9.0,16.0,16.0,16.0,0.0,0.9999999375000038,0.28125
336,16,32,5.082107782363892,GRID-OP-01,1.7664671010807143,0.11040419381754464,0.06636358655980423,4.371497462005617,6.0,8.0,8.0,8.0,0.0,0.9999998750000157,0.375
337,42,730,5.0854716300964355,GRID-OP-01,5.831889904754552,0.13885452154177505,0.07416393224390264,14.328702939108675,13.0,20.0,21.0,21.0,0.0,0.9999999523809546,0.30952380952380953
338,29,442,5.080214262008667,GRID-OP-01,3.0251212780672816,0.10431452682990626,0.043178208187585915,7.582722521881598,9.0,14.0,14.0,15.0,0.0,0.9333332711111153,0.3103448275862069
339,24,145,5.083032131195068,GRID-OP-01,2.5964957649435148,0.10818732353931311,0.06660364220657918,6.36661356802194,6.0,12.0,12.0,12.0,0.0,0.9999999166666736,0.25
340,18,394,5.028443813323975,GRID-OP-01,1.49918562577482,0.08328809032082334,0.06946246724128657,3.6800110986434005,5.0,10.0,9.0,9.0,0.0,0.9999998888889013,0.2777777777777778
341,8,47,5.079324722290039,GRID-OP-01,0.7836457210956208,0.0979557151369526,0.052718305358528034,1.9317617035788266,3.0,5.0,4.0,4.0,0.0,0.9999997500000625,0.375
342,2,394,5.014002561569214,GRID-OP-01,0.04083559707937479,0.020417798539687396,0.0,0.10153546568804456,2.0,2.0,1.0,1.0,0.0,0.9999990000010001,1.0
343,2,184,160.02868795394897,GRID-OP-01,0.22261340980600797,0.11130670490300398,0.0,0.5383313335694133,2.0,2.0,1.0,1.0,0.0,0.9999990000010001,1.0
344,8,373,5.016626358032227,GRID-OP-01,1.20772572897282,0.1509657161216025,0.12695929286528515,2.9965827412252932,3.0,5.0,4.0,4.0,0.0,0.9999997500000625,0.375
345,21,405,5.026992082595825,GRID-OP-01,3.4889193217281393,0.16613901532038758,0.14963120492707702,8.874351048686634,6.0,10.0,10.0,11.0,0.0,0.9090908264462886,0.2857142857142857
346,8,192,5.033168792724609,GRID-OP-01,2.135750134376563,0.2669687667970704,0.17235915338286112,5.328992045478501,3.0,5.0,4.0,4.0,0.0,0.9999997500000625,0.375
347,22,67,5.023007154464722,GRID-OP-01,4.632286629859317,0.2105584831754235,0.10880427627857309,11.250553046134668,8.0,12.0,11.0,11.0,0.0,0.9999999090909174,0.36363636363636365
348,22,403,5.030759811401367,GRID-OP-01,5.2371437506043135,0.23805198866383243,0.18244883513662302,16.001824910004,6.0,11.0,9.0,13.0,0.0,0.6923076390532585,0.2727272727272727
349,22,345,5.0383217334747314,GRID-OP-01,5.437238897984212,0.247147222635646,0.1265655800354606,13.347936892698915,6.0,11.0,11.0,11.0,0.0,0.9999999090909174,0.2727272727272727
350,30,384,5.033837080001831,GRID-OP-01,7.2161722836639495,0.24053907612213166,0.20302269797511674,17.73966553108121,9.0,14.0,15.0,15.0,0.0,0.9999999333333378,0.3
351,34,483,5.045180320739746,GRID-OP-01,6.905125600379322,0.20309192942292123,0.11058987356364602,16.855299248834854,8.0,14.0,17.0,17.0,0.0,0.999999941176474,0.23529411764705882
352,26,57,5.052759170532227,GRID-OP-01,4.114018145683013,0.15823146714165434,0.10226895522812818,10.138832292390935,9.0,13.0,13.0,13.0,0.0,0.9999999230769291,0.34615384615384615
353,36,1135,5.027438163757324,GRID-OP-01,4.920454484966225,0.1366792912490618,0.08528920062613139,12.059441118706737,11.0,15.0,18.0,18.0,0.0,0.9999999444444475,0.3055555555555556
354,43,271,5.098825454711914,GRID-OP-01,6.481153123027429,0.15072449123319603,0.07584365752376152,16.25027621573918,13.0,21.0,21.0,22.0,0.0,0.9545454111570267,0.3023255813953488
355,15,276,5.0482470989227295,GRID-OP-01,3.0969591075797074,0.20646394050531383,0.08958848148804337,10.398130409537533,3.0,7.0,5.0,10.0,0.0,0.499999950000005,0.2
356,14,43,5.0286431312561035,GRID-OP-01,1.9692631146978232,0.14066165104984452,0.07082063137350869,4.847921772093996,3.0,7.0,7.0,7.0,0.0,0.9999998571428775,0.21428571428571427
357,26,36,5.023754358291626,GRID-OP-01,3.636526042835275,0.1398663862628952,0.0818633889469425,8.829773463403017,6.0,13.0,13.0,13.0,0.0,0.9999999230769291,0.23076923076923078
358,16,148,5.0222697257995605,GRID-OP-01,1.170701123614104,0.0731688202258815,0.02997354910124503,2.8140544728861205,4.0,9.0,8.0,8.0,0.0,0.9999998750000157,0.25
359,4,31,5.019397735595703,GRID-OP-01,0.33628775943062206,0.08407193985765551,0.0030209085893771886,0.8230860401054779,2.0,3.0,2.0,2.0,0.0,0.99999950000025,0.5
360,6,38,160.0277681350708,GRID-OP-01,0.9767129736067475,0.16278549560112457,0.06823031444468276,2.4305174054031804,3.0,4.0,3.0,3.0,0.0,0.9999996666667778,0.5
361,6,522,5.014433145523071,GRID-OP-01,0.589243292063597,0.09820721534393284,0.05681677372704889,1.4613188873935015,3.0,4.0,3.0,3.0,0.0,0.9999996666667778,0.5
362,14,169,5.028826713562012,GRID-OP-01,2.9391011912330818,0.20993579937379156,0.1424485210104066,7.2455101090568705,6.0,8.0,7.0,7.0,0.0,0.9999998571428775,0.42857142857142855
363,16,11,5.027443885803223,GRID-OP-01,4.372325981315252,0.27327037383220326,0.18583335088320604,10.646796274163588,5.0,8.0,8.0,8.0,0.0,0.9999998750000157,0.3125
364,16,270,5.0202414989471436,GRID-OP-01,4.359090864026918,0.27244317900168236,0.17397076437360046,10.681379170620907,5.0,8.0,8.0,8.0,0.0,0.9999998750000157,0.3125
365,32,7,5.032836198806763,GRID-OP-01,5.478975563622818,0.17121798636321306,0.0770960637772003,13.324306675360727,10.0,16.0,16.0,16.0,0.0,0.9999999375000038,0.3125
366,30,144,5.021158695220947,GRID-OP-01,5.636930468300966,0.18789768227669884,0.120482207697546,13.753526477717548,10.0,15.0,15.0,15.0,0.0,0.9999999333333378,0.3333333333333333
367,22,97,5.029011964797974,GRID-OP-01,4.75774038189642,0.2162609264498373,0.13414174328752812,11.709834561778873,7.0,11.0,11.0,11.0,0.0,0.9999999090909174,0.3181818181818182
368,29,237,5.027902364730835,GRID-OP-01,6.819536294262142,0.23515642394007386,0.12656651482716197,21.314152629269767,8.0,12.0,11.0,18.0,0.0,0.6111110771604957,0.27586206896551724
369,28,130,5.037314176559448,GRID-OP-01,5.391135665614431,0.1925405594862297,0.1805503898076749,13.12379042138101,9.0,15.0,14.0,14.0,0.0,0.9999999285714337,0.32142857142857145
370,28,849,5.029355525970459,GRID-OP-01,5.784241392589595,0.2065800497353427,0.0837953281304735,14.278984047675682,7.0,12.0,14.0,14.0,0.0,0.9999999285714337,0.25
371,20,22,5.068303346633911,GRID-OP-01,4.573086750904663,0.22865433754523315,0.1258580371196767,11.082329079157105,4.0,10.0,10.0,10.0,0.0,0.99999990000001,0.2
372,32,48,5.026034355163574,GRID-OP-01,6.517482153516051,0.2036713172973766,0.13747650729670194,15.832781436208357,7.0,16.0,16.0,16.0,0.0,0.9999999375000038,0.21875
373,20,54,5.0262696743011475,GRID-OP-01,2.8903119763873915,0.14451559881936957,0.06809466991196321,7.114463811529157,4.0,11.0,10.0,10.0,0.0,0.99999990000001,0.2
374,20,13,5.029752254486084,GRID-OP-01,2.3381823253824945,0.11690911626912473,0.07139175593593527,5.7331649066540935,5.0,10.0,10.0,10.0,0.0,0.99999990000001,0.25
375,20,103,5.024303436279297,GRID-OP-01,1.556439012191598,0.0778219506095799,0.043351564522075114,3.782026514757721,5.0,12.0,10.0,10.0,0.0,0.99999990000001,0.25
376,2,318,5.0257158279418945,GRID-OP-01,0.12859028166059494,0.06429514083029747,0.0,0.3186451899649989,2.0,2.0,1.0,1.0,0.0,0.9999990000010001,1.0
377,2,250,160.02401757240295,GRID-OP-01,0.5124840788245776,0.2562420394122888,0.0,1.234408076407484,2.0,2.0,1.0,1.0,0.0,0.9999990000010001,1.0
378,8,25,5.015800476074219,GRID-OP-01,1.033990773919145,0.12924884673989312,0.0810647945326858,2.509984647272919,4.0,5.0,4.0,4.0,0.0,0.9999997500000625,0.5
379,18,689,5.021430492401123,GRID-OP-01,3.189719019466094,0.17720661219256076,0.09739013962385742,7.697380696175607,6.0,9.0,9.0,9.0,0.0,0.9999998888889013,0.3333333333333333
380,12,265,5.046041011810303,GRID-OP-01,2.395453989373263,0.19962116578110525,0.15305059438553575,5.868655507138462,4.0,7.0,6.0,6.0,0.0,0.9999998333333611,0.3333333333333333
381,21,216,5.024347543716431,GRID-OP-01,5.724373506367015,0.27258921458890545,0.16216573944716645,14.296642839573465,4.0,9.0,10.0,11.0,0.0,0.9090908264462886,0.19047619047619047
382,16,98,5.031374454498291,GRID-OP-01,3.4992289510627312,0.2187018094414207,0.0828314177973199,8.630367211213317,3.0,7.0,8.0,8.0,0.0,0.9999998750000157,0.1875
383,30,1,5.022530555725098,GRID-OP-01,5.8992589108294045,0.19664196369431347,0.09529383393148425,14.524406169966296,9.0,15.0,15.0,15.0,0.0,0.9999999333333378,0.3
384,26,211,5.027188062667847,GRID-OP-01,7.415331558352069,0.28520505993661804,0.1901380642095451,18.867637537714632,7.0,15.0,12.0,14.0,0.0,0.8571427959183717,0.2692307692307692
385,38,103,5.038786888122559,GRID-OP-01,8.55413587547135,0.2251088388281934,0.132339097749383,21.023389632108636,10.0,17.0,19.0,19.0,0.0,0.9999999473684238,0.2631578947368421
386,20,5,5.028226852416992,GRID-OP-01,4.333055605475982,0.2166527802737991,0.17705088726231727,10.702527473180513,5.0,11.0,10.0,10.0,0.0,0.99999990000001,0.25
387,38,630,5.028293132781982,GRID-OP-01,8.026052256096811,0.21121190147623187,0.15639125642873075,19.62398066460937,9.0,18.0,19.0,19.0,0.0,0.9999999473684238,0.23684210526315788
388,26,0,5.068218946456909,GRID-OP-01,4.447627995746605,0.17106261522102326,0.08502910403935443,10.843353465606878,8.0,14.0,13.0,13.0,0.0,0.9999999230769291,0.3076923076923077
389,29,42,5.02403998374939,GRID-OP-01,5.301787089400126,0.18282024446207332,0.15160325444019776,13.988321427213066,7.0,16.0,14.0,15.0,0.0,0.9333332711111153,0.2413793103448276
390,14,277,5.02705979347229,GRID-OP-01,2.1389956316538266,0.1527854022609876,0.09773675551043595,7.180648023529548,3.0,7.0,5.0,9.0,0.0,0.5555554938271674,0.21428571428571427
391,28,44,5.033517837524414,GRID-OP-01,3.2568820361614867,0.11631721557719596,0.06035747678874793,7.883981976216143,8.0,16.0,14.0,14.0,0.0,0.9999999285714337,0.2857142857142857
392,16,23,5.024998426437378,GRID-OP-01,1.0385413957418221,0.06490883723386388,0.023646782815953525,2.5595289038666524,4.0,9.0,8.0,8.0,0.0,0.9999998750000157,0.25
393,6,62,165.02953481674194,GRID-OP-01,0.9836027135590608,0.1639337855931768,0.09687794160230129,2.4082279372327458,3.0,4.0,3.0,3.0,0.0,0.9999996666667778,0.5
394,6,465,5.014277935028076,GRID-OP-01,1.5384429157924349,0.2564071526320725,0.14295791483067577,3.6718204157068954,4.0,4.0,3.0,3.0,0.0,0.9999996666667778,0.6666666666666666
395,11,63,5.031437635421753,GRID-OP-01,1.5432775421295715,0.1402979583754156,0.1420729974131407,5.601592786450271,4.0,6.0,4.0,7.0,0.0,0.57142848979593,0.36363636363636365
396,12,312,5.025423288345337,GRID-OP-01,2.783537513564151,0.23196145946367927,0.1581214713381845,9.006528918530122,4.0,7.0,5.0,7.0,0.0,0.7142856122449125,0.3333333333333333
397,12,119,5.033909559249878,GRID-OP-01,3.8333663091977574,0.31944719243314645,0.22087336449918762,11.411410237053673,4.0,8.0,5.0,7.0,0.0,0.7142856122449125,0.3333333333333333
398,22,340,5.029743909835815,GRID-OP-01,5.91763270862076,0.26898330493730727,0.1649156784945963,14.367466819734837,7.0,11.0,11.0,11.0,0.0,0.9999999090909174,0.3181818181818182
399,6,284,5.036875247955322,GRID-OP-01,1.9815542544510685,0.3302590424085114,0.22820932657504422,4.838732456936036,3.0,5.0,3.0,3.0,0.0,0.9999996666667778,0.5
400,24,161,5.03083872795105,GRID-OP-01,6.781242374126247,0.28255176558859363,0.1719244929363626,16.31633432241058,7.0,13.0,12.0,12.0,0.0,0.9999999166666736,0.2916666666666667
401,39,216,5.036687850952148,GRID-OP-01,6.350219876489003,0.16282615067920522,0.13489092066002223,15.935910384320705,10.0,17.0,19.0,20.0,0.0,0.9499999525000024,0.2564102564102564
402,32,165,5.047646999359131,GRID-OP-01,5.942427319870452,0.18570085374595163,0.09761782626335055,15.356378977060142,8.0,17.0,15.0,17.0,0.0,0.8823528892733594,0.25
403,37,288,5.045417547225952,GRID-OP-01,6.03822376708646,0.1631952369482827,0.08214139581130131,15.604763513497833,8.0,17.0,18.0,19.0,0.0,0.9473683711911383,0.21621621621621623
404,23,532,5.045605182647705,GRID-OP-01,4.265616560326377,0.1854615895794077,0.10012828026323574,11.002891094233318,4.0,11.0,11.0,12.0,0.0,0.9166665902777842,0.17391304347826086
405,26,64,5.05523681640625,GRID-OP-01,4.591870605706777,0.17661040791179913,0.0913216095639102,11.25517432603184,6.0,13.0,13.0,13.0,0.0,0.9999999230769291,0.23076923076923078
406,24,200,5.03874397277832,GRID-OP-01,3.3307873915335584,0.13878280798056494,0.08097741296326748,8.160071363920364,5.0,12.0,12.0,12.0,0.0,0.9999999166666736,0.20833333333333334
407,20,238,5.038430452346802,GRID-OP-01,2.2325771533988594,0.11162885766994297,0.0644757020178045,5.383537323401304,5.0,11.0,10.0,10.0,0.0,0.99999990000001,0.25
408,20,456,5.037508487701416,GRID-OP-01,1.521276893221412,0.0760638446610706,0.035034060519397184,3.7059293151578365,4.0,11.0,10.0,10.0,0.0,0.99999990000001,0.2
409,2,849,165.0421426296234,GRID-OP-01,0.10930023371831561,0.054650116859157806,0.0,0.2662190076862032,2.0,2.0,1.0,1.0,0.0,0.9999990000010001,1.0
410,7,740,5.029172897338867,GRID-OP-01,1.9908492448255681,0.2844070349750812,0.17769610475157213,4.9356556025386285,4.0,6.0,3.0,4.0,0.0,0.7499998125000469,0.5714285714285714
411,14,1,5.032238721847534,GRID-OP-01,2.6083229825516394,0.18630878446797425,0.10704632477641353,9.301022831703367,4.0,7.0,5.0,9.0,0.0,0.5555554938271674,0.2857142857142857
412,14,37,5.018448829650879,GRID-OP-01,3.982159118542936,0.2844399370387812,0.1605132853583701,9.708292252142085,5.0,8.0,7.0,7.0,0.0,0.9999998571428775,0.35714285714285715
413,18,52,5.023209095001221,GRID-OP-01,4.325962641392563,0.24033125785514237,0.17642705722964486,10.632826754739467,7.0,10.0,9.0,9.0,0.0,0.9999998888889013,0.3888888888888889
414,31,483,5.027757883071899,GRID-OP-01,6.280549571073396,0.20259837326043215,0.16253579390944128,18.532314225706507,10.0,16.0,14.0,17.0,0.0,0.8235293633218022,0.3225806451612903
415,32,140,5.051734685897827,GRID-OP-01,5.939458909071365,0.18560809090848016,0.1370398094412773,14.530246095876038,10.0,16.0,16.0,16.0,0.0,0.9999999375000038,0.3125
416,26,639,5.033101797103882,GRID-OP-01,7.2856875480705,0.2802187518488654,0.15234285608689757,17.843204097760925,5.0,12.0,13.0,13.0,0.0,0.9999999230769291,0.19230769230769232
417,20,608,5.0533082485198975,GRID-OP-01,4.260624949344562,0.2130312474672281,0.08838039268763526,10.5227536401575,7.0,11.0,10.0,10.0,0.0,0.99999990000001,0.35
418,29,611,5.046629190444946,GRID-OP-01,6.009703504636497,0.207231155332293,0.15116923200325516,15.266365280084887,8.0,15.0,14.0,15.0,0.0,0.9333332711111153,0.27586206896551724
419,28,159,5.057558536529541,GRID-OP-01,4.95084607403432,0.17681593121551145,0.13014591907915823,13.574145101848025,9.0,15.0,13.0,15.0,0.0,0.8666666088888928,0.32142857142857145
420,26,241,5.04041051864624,GRID-OP-01,6.203704704690025,0.23860402710346248,0.15888897186809256,15.088844962133116,7.0,14.0,13.0,13.0,0.0,0.9999999230769291,0.2692307692307692
421,21,326,5.039546489715576,GRID-OP-01,3.6735351956844826,0.1749302474135468,0.08096834185757044,10.369455206066023,4.0,12.0,8.0,13.0,0.0,0.615384568047341,0.19047619047619047
422,26,97,5.0410544872283936,GRID-OP-01,3.8592146076186493,0.14843133106225576,0.08018272314810833,9.371937468263308,7.0,14.0,13.0,13.0,0.0,0.9999999230769291,0.2692307692307692
423,22,261,5.030157089233398,GRID-OP-01,2.7313369925662196,0.12415168148028272,0.0635877837068773,6.645205023194149,5.0,12.0,11.0,11.0,0.0,0.9999999090909174,0.22727272727272727
424,20,52,5.035324335098267,GRID-OP-01,0.8989006515359187,0.04494503257679593,0.015479551262686717,2.2037818722196043,5.0,11.0,10.0,10.0,0.0,0.99999990000001,0.25
425,2,644,160.02524733543396,GRID-OP-01,0.10885137961254791,0.05442568980627396,0.0,0.2597621325457127,2.0,2.0,1.0,1.0,0.0,0.9999990000010001,1.0
426,10,345,10.020923614501953,GRID-OP-01,1.543239519357819,0.1543239519357819,0.0927417436108347,3.8198183028582253,5.0,6.0,5.0,5.0,0.0,0.99999980000004,0.5
427,16,595,5.026095628738403,GRID-OP-01,2.4963181585710714,0.15601988491069196,0.06563192693604858,6.107455428746413,6.0,8.0,8.0,8.0,0.0,0.9999998750000157,0.375
428,16,165,5.045759439468384,GRID-OP-01,2.847124820720009,0.17794530129500055,0.11486095879903448,7.0003746567598455,6.0,9.0,8.0,8.0,0.0,0.9999998750000157,0.375
429,33,51,5.02589225769043,GRID-OP-01,4.5494407467515385,0.13786184081065267,0.06345217878860152,11.557936157964471,10.0,15.0,16.0,17.0,0.0,0.9411764152249167,0.30303030303030304
430,18,514,5.022042512893677,GRID-OP-01,3.1223615052233336,0.17346452806796298,0.08180558480522439,7.604562812653118,6.0,9.0,9.0,9.0,0.0,0.9999998888889013,0.3333333333333333
431,26,1,5.037444114685059,GRID-OP-01,4.168713958880995,0.16033515226465367,0.11678101342369103,10.23702088721426,8.0,11.0,13.0,13.0,0.0,0.9999999230769291,0.3076923076923077
432,32,341,5.029957056045532,GRID-OP-01,5.256261670673073,0.16425817720853353,0.09585295435852016,12.955880964069088,9.0,15.0,16.0,16.0,0.0,0.9999999375000038,0.28125
433,30,89,5.047563314437866,GRID-OP-01,5.411525895830395,0.18038419652767984,0.12635718593228734,13.36017803340388,9.0,15.0,15.0,15.0,0.0,0.9999999333333378,0.3
434,17,328,5.026592969894409,GRID-OP-01,2.609203049069075,0.15348253229818087,0.09262574120154206,8.265345588688248,6.0,9.0,6.0,11.0,0.0,0.5454544958677732,0.35294117647058826
435,21,64,5.038269996643066,GRID-OP-01,3.3063112107641635,0.1574433909887697,0.16679988892216593,13.225994926947369,7.0,10.0,7.0,14.0,0.0,0.49999996428571686,0.3333333333333333
436,20,196,5.027547359466553,GRID-OP-01,3.028815341144835,0.15144076705724174,0.08177743495740121,8.349528899895803,5.0,11.0,9.0,11.0,0.0,0.8181817438016598,0.25
437,23,71,5.031801700592041,GRID-OP-01,3.669557894520423,0.1595459954139314,0.11676454681868788,9.127271486758298,5.0,12.0,11.0,12.0,0.0,0.9166665902777842,0.21739130434782608
438,13,43,5.025980472564697,GRID-OP-01,1.0332502838442827,0.07948079106494482,0.039671822995532804,3.1288708948809716,4.0,8.0,5.0,8.0,0.0,0.6249999218750099,0.3076923076923077
439,12,53,5.025169134140015,GRID-OP-01,0.9239003555836326,0.07699169629863604,0.046776541397843485,2.25024745225548,3.0,7.0,6.0,6.0,0.0,0.9999998333333611,0.25
440,10,86,5.0254411697387695,GRID-OP-01,0.5942206811574291,0.05942206811574291,0.03967932491434897,1.4597690743697025,3.0,6.0,5.0,5.0,0.0,0.99999980000004,0.3
441,8,687,165.02833151817322,GRID-OP-01,1.064090085546439,0.13301126069330488,0.11228094128453392,2.554187915108275,4.0,5.0,4.0,4.0,0.0,0.9999997500000625,0.5
442,10,723,5.0320775508880615,GRID-OP-01,1.6863467330098951,0.16863467330098952,0.1327661678395356,4.128043232072434,3.0,5.0,5.0,5.0,0.0,0.99999980000004,0.3
443,22,347,5.038928270339966,GRID-OP-01,3.3238485881427606,0.15108402673376184,0.0783305377094096,8.140120101923985,9.0,12.0,11.0,11.0,0.0,0.9999999090909174,0.4090909090909091
444,20,142,5.040072917938232,GRID-OP-01,2.974282859499858,0.1487141429749929,0.08862741875785321,7.234563435992918,7.0,10.0,10.0,10.0,0.0,0.99999990000001,0.35
445,26,106,5.024975061416626,GRID-OP-01,3.049842072952052,0.11730161819046353,0.09255166366381246,7.408129642170151,8.0,11.0,13.0,13.0,0.0,0.9999999230769291,0.3076923076923077
446,25,390,5.025737524032593,GRID-OP-01,4.667797483363821,0.18671189933455284,0.10720735010387716,12.361628836228284,9.0,12.0,12.0,13.0,0.0,0.9230768520710114,0.36
447,42,125,5.043749570846558,GRID-OP-01,5.271465694975984,0.12551108797561866,0.10642067822616066,12.900048038562318,11.0,17.0,21.0,21.0,0.0,0.9999999523809546,0.2619047619047619
448,39,162,5.034433603286743,GRID-OP-01,4.275883997145324,0.10963805120885446,0.09607671499654996,11.117098253881212,12.0,19.0,19.0,20.0,0.0,0.9499999525000024,0.3076923076923077
449,36,82,5.038249731063843,GRID-OP-01,5.249255764423181,0.14581266012286614,0.09651209182377951,13.609146018669591,9.0,15.0,17.0,19.0,0.0,0.8947367950138528,0.25
450,24,36,5.029860258102417,GRID-OP-01,3.7772424432125695,0.15738510180052373,0.07816086916895375,9.261822078139167,6.0,11.0,12.0,12.0,0.0,0.9999999166666736,0.25
451,36,73,5.026439428329468,GRID-OP-01,4.0171709250738425,0.11158808125205118,0.07409032307027597,9.812695407012995,10.0,15.0,18.0,18.0,0.0,0.9999999444444475,0.2777777777777778
452,24,233,5.031253099441528,GRID-OP-01,4.260159971245323,0.17750666546855512,0.13475800630531046,10.50898934149593,7.0,13.0,12.0,12.0,0.0,0.9999999166666736,0.2916666666666667
453,18,81,5.033084154129028,GRID-OP-01,2.4200981779216417,0.13444989877342453,0.06627637926624869,5.9000050819612975,6.0,10.0,9.0,9.0,0.0,0.9999998888889013,0.3333333333333333
454,9,462,5.029958486557007,GRID-OP-01,1.3475474700563828,0.14972749667293142,0.08861776941764066,5.958038965317612,2.0,3.0,1.0,8.0,0.0,0.12499998437500197,0.2222222222222222
455,13,105,5.032471656799316,GRID-OP-01,1.1392870962196455,0.08763746893997273,0.05751971124357645,2.8175388328022035,2.0,7.0,6.0,7.0,0.0,0.857142734693895,0.15384615384615385
456,2,404,5.021260023117065,GRID-OP-01,0.08109757113534931,0.040548785567674654,0.0,0.19647517161984374,2.0,2.0,1.0,1.0,0.0,0.9999990000010001,1.0
457,2,66,165.02856302261353,GRID-OP-01,0.5595687374167089,0.27978436870835444,0.002145231378971102,2.670861185633533,1.0,1.0,0.0,2.0,0.0,0.0,0.5
458,3,382,5.019212245941162,GRID-OP-01,1.1947990850858696,0.3982663616952899,0.1600114013248182,5.789899434250014,1.0,1.0,0.0,3.0,0.0,0.0,0.3333333333333333
459,19,183,5.031050682067871,GRID-OP-01,3.1463545782687223,0.16559760938256432,0.08302096214222965,7.93087101578907,6.0,11.0,9.0,10.0,0.0,0.8999999100000091,0.3157894736842105
460,26,299,5.034451246261597,GRID-OP-01,4.422007185343612,0.1700771994362928,0.10576698030681751,10.810688824102634,10.0,13.0,13.0,13.0,0.0,0.9999999230769291,0.38461538461538464
461,26,1151,5.036166429519653,GRID-OP-01,4.888437823083068,0.18801683934934876,0.13719030980768948,11.92633021907804,7.0,11.0,13.0,13.0,0.0,0.9999999230769291,0.2692307692307692
462,31,188,5.082043647766113,GRID-OP-01,6.480937222059559,0.20906249103417932,0.14623301055943022,16.021495862748438,9.0,16.0,15.0,16.0,0.0,0.9374999414062536,0.2903225806451613
463,24,58,5.036168813705444,GRID-OP-01,4.956831561072525,0.20653464837802185,0.1470156906414358,12.100054527807767,7.0,12.0,12.0,12.0,0.0,0.9999999166666736,0.2916666666666667
464,34,584,5.03152322769165,GRID-OP-01,8.376718478523468,0.24637407289774907,0.22022329191921,20.483080466288513,10.0,16.0,17.0,17.0,0.0,0.999999941176474,0.29411764705882354
465,37,41,5.063618183135986,GRID-OP-01,5.928949118234789,0.16024186806039972,0.13413341418347619,14.845791727083952,9.0,15.0,18.0,19.0,0.0,0.9473683711911383,0.24324324324324326
466,11,126,5.02350115776062,GRID-OP-01,2.9244665786341013,0.26586059805764556,0.20579406037335315,10.317862408746937,3.0,5.0,4.0,7.0,0.0,0.57142848979593,0.2727272727272727
467,32,457,5.034897804260254,GRID-OP-01,5.608542069465719,0.17526693967080373,0.10132564934036953,13.760564652199685,9.0,15.0,16.0,16.0,0.0,0.9999999375000038,0.28125
468,28,224,5.052734375,GRID-OP-01,4.813629937173824,0.17191535489906512,0.0938160665716805,11.818123591783586,9.0,15.0,14.0,14.0,0.0,0.9999999285714337,0.32142857142857145
469,32,122,5.039994239807129,GRID-OP-01,4.421565030418003,0.1381739072005626,0.10642463998886015,10.900408705100809,8.0,16.0,16.0,16.0,0.0,0.9999999375000038,0.25
470,14,16,5.03073787689209,GRID-OP-01,1.6658209861432265,0.11898721329594475,0.07358075594732458,4.028601836132548,4.0,7.0,7.0,7.0,0.0,0.9999998571428775,0.2857142857142857
471,20,457,5.02785062789917,GRID-OP-01,2.0036743308135367,0.10018371654067684,0.03569916149492244,4.899927068362265,2.0,9.0,10.0,10.0,0.0,0.99999990000001,0.1
472,12,7,5.047602653503418,GRID-OP-01,0.8529703701580282,0.07108086417983568,0.03794144697411426,2.085218314341974,2.0,7.0,6.0,6.0,0.0,0.9999998333333611,0.16666666666666666
473,2,19,160.02868151664734,GRID-OP-01,0.5504775860674443,0.2752387930337222,0.0,1.339660833098459,2.0,2.0,1.0,1.0,0.0,0.9999990000010001,1.0
474,4,51,5.015317440032959,GRID-OP-01,0.48330336995381584,0.12082584248845396,0.08829869586264934,1.151768233326003,3.0,3.0,2.0,2.0,0.0,0.99999950000025,0.75
475,18,7,5.021202802658081,GRID-OP-01,3.3688639608885858,0.18715910893825477,0.09984239383289041,8.185828799897873,6.0,8.0,9.0,9.0,0.0,0.9999998888889013,0.3333333333333333
476,12,92,5.021430015563965,GRID-OP-01,2.4207130931374827,0.20172609109479023,0.15202742625343416,5.879133714537913,5.0,7.0,6.0,6.0,0.0,0.9999998333333611,0.4166666666666667
477,18,167,5.024650573730469,GRID-OP-01,5.152853312786979,0.2862696284881655,0.1525173119967047,12.511024437999637,5.0,9.0,9.0,9.0,0.0,0.9999998888889013,0.2777777777777778
478,14,90,5.027681350708008,GRID-OP-01,4.4550541012973115,0.31821815009266513,0.1736242976091513,13.136676154513248,4.0,8.0,6.0,8.0,0.0,0.7499999062500118,0.2857142857142857
479,19,2,5.026662111282349,GRID-OP-01,3.909156869567548,0.205745098398292,0.13249363860504954,13.453343388424953,6.0,10.0,7.0,12.0,0.0,0.5833332847222263,0.3157894736842105
480,16,646,5.027297735214233,GRID-OP-01,3.8798318144641266,0.2424894884040079,0.13493912598253055,9.493144649566322,6.0,9.0,8.0,8.0,0.0,0.9999998750000157,0.375
481,46,240,5.050035715103149,GRID-OP-01,9.199052675333853,0.19997940598551853,0.12014207967873701,22.422153692264054,10.0,17.0,23.0,23.0,0.0,0.999999956521741,0.21739130434782608
482,28,730,5.0485758781433105,GRID-OP-01,5.924620326583808,0.21159358309227885,0.17552142077614843,14.618795407787635,9.0,14.0,14.0,14.0,0.0,0.9999999285714337,0.32142857142857145
483,30,216,5.067322731018066,GRID-OP-01,6.3370232716266734,0.21123410905422244,0.10856037147804908,15.587679365876104,7.0,14.0,15.0,15.0,0.0,0.9999999333333378,0.23333333333333334
484,22,227,5.037034749984741,GRID-OP-01,4.734144725239917,0.2151883966018144,0.18051046315949656,11.560398831251522,7.0,12.0,11.0,11.0,0.0,0.9999999090909174,0.3181818181818182
485,17,495,5.033674478530884,GRID-OP-01,3.2636366616898664,0.19197862715822744,0.17523919973036603,8.40145886218924,4.0,9.0,8.0,9.0,0.0,0.8888887901234679,0.23529411764705882
486,19,218,5.046101331710815,GRID-OP-01,3.2988340823783595,0.1736228464409663,0.10441491574286958,12.113450677820795,5.0,9.0,6.0,13.0,0.0,0.4615384260355057,0.2631578947368421
487,20,26,5.036648988723755,GRID-OP-01,2.976889017423585,0.14884445087117926,0.09180062229646545,7.339628062788332,4.0,11.0,10.0,10.0,0.0,0.99999990000001,0.2
488,23,26,5.034075975418091,GRID-OP-01,1.8959295320373324,0.08243171878423185,0.04526866187667416,5.417139641991873,4.0,12.0,10.0,13.0,0.0,0.7692307100591762,0.17391304347826086
489,4,250,5.019368410110474,GRID-OP-01,0.29186603380923015,0.07296650845230754,0.043850527047049746,0.6665042983561728,2.0,3.0,2.0,2.0,0.0,0.99999950000025,0.5
